<?xml version="1.0" encoding="UTF-8"?>
<TemplateContainer uid="2.25.243405785262040347419281839931878662612" name="Soft Tissue Tumor" authors="Chris Beaulieu" version="1.0" creationDate="2016-03-25" description="Template Group for Soft Tissue Tumors" xsi:schemaLocation="gme://caCORE.caCORE/3.2/edu.northwestern.radiology.AIMTemplate AIMTemplate_v2rv13.xsd" xmlns="gme://caCORE.caCORE/3.2/edu.northwestern.radiology.AIMTemplate" xmlns:xsi="http://www.w3.org/2001/XMLSchema-instance">
   <Template uid="2.25.39264994946316101151378559254532888109" name="Desmoid Tumor Template Rev1" authors="Chris Beaulieu " version="1.0" creationDate="2012-01-05" description="Template for annotation of Desmoid Tumors on MRI" precedingAnnotation="OfferToSelect" codeMeaning="Bones Jones - Beaulieu" codeValue="v 002B" codingSchemeDesignator="RadLex" codingSchemeVersion="1.0">
      <Component label="Geometric Shape" itemNumber="0" authors="Default Author" explanatoryText="" minCardinality="0" maxCardinality="1" shouldDisplay="true" groupLabel="" id="2.25.189194458228658898162435061968203142813">
         <GeometricShape>Polyline</GeometricShape>
      </Component>
      <Component label="Location" itemNumber="1" authors="Default Author" explanatoryText="Tumor location" minCardinality="1" maxCardinality="1" shouldDisplay="true" groupLabel="" id="2.25.221526230049005467254544758680599896266">
         <AnatomicEntity annotatorConfidence="false"/>
         <AllowedTerm codeValue="D038" codeMeaning="0 Intra-abdominal" codingSchemeDesignator="Erasmus" codingSchemeVersion="1.0"/>
         <AllowedTerm codeValue="D039" codeMeaning="1 Extra-abdominal" codingSchemeDesignator="Erasmus" codingSchemeVersion="1.0"/>
         <AllowedTerm codeValue="D040" codeMeaning="2 Upper extremity" codingSchemeDesignator="Erasmus" codingSchemeVersion="1.0"/>
         <AllowedTerm codeValue="D041" codeMeaning="3 Lower extremity" codingSchemeDesignator="Erasmus" codingSchemeVersion="1.0"/>
      </Component>
      <Component label="Margin" itemNumber="2" authors="Default User" explanatoryText="" minCardinality="1" maxCardinality="1" shouldDisplay="true" groupLabel="" id="2.25.310444775948556391542463804549917945634">
         <ImagingObservation annotatorConfidence="false"/>
         <AllowedTerm codeValue="D001" codeMeaning="0 Well-defined margin" codingSchemeDesignator="Erasmus" codingSchemeVersion="1.0"/>
         <AllowedTerm codeValue="D002" codeMeaning="1 Partially ill-defined margin" codingSchemeDesignator="Erasmus" codingSchemeVersion="1.0"/>
         <AllowedTerm codeValue="D003" codeMeaning="2 Ill-defined margin" codingSchemeDesignator="Erasmus" codingSchemeVersion="1.0"/>
      </Component>
      <Component label="Contour" itemNumber="3" authors="Default User" explanatoryText="" minCardinality="1" maxCardinality="1" shouldDisplay="true" groupLabel="" id="2.25.309726280825410711096442039233271164266">
         <ImagingObservation annotatorConfidence="false"/>
         <AllowedTerm codeValue="D004" codeMeaning="0 Lobulated contour" codingSchemeDesignator="Erasmus" codingSchemeVersion="1.0"/>
         <AllowedTerm codeValue="D005" codeMeaning="1 Circumscribed contour" codingSchemeDesignator="Erasmus" codingSchemeVersion="1.0"/>
         <AllowedTerm codeValue="D006" codeMeaning="2 Irregular contour" codingSchemeDesignator="Erasmus" codingSchemeVersion="1.0"/>
      </Component>
      <Component label="Split Fat Sign" itemNumber="4" authors="Default User" explanatoryText="" minCardinality="1" maxCardinality="1" shouldDisplay="true" groupLabel="" id="2.25.189285988495077206103073397690861677053">
         <ImagingObservation annotatorConfidence="false"/>
         <AllowedTerm codeValue="D007" codeMeaning="0 No split fat" codingSchemeDesignator="Erasmus" codingSchemeVersion="1.0"/>
         <AllowedTerm codeValue="D008" codeMeaning="2 Yes split fat" codingSchemeDesignator="Erasmus" codingSchemeVersion="1.0"/>
      </Component>
      <Component label="Extra-Compartmental Extension" itemNumber="5" authors="Default User" explanatoryText="" minCardinality="1" maxCardinality="1" shouldDisplay="true" groupLabel="" id="2.25.236756184847835311704061767422241492036">
         <ImagingObservation annotatorConfidence="false"/>
         <AllowedTerm codeValue="D009" codeMeaning="0 No extracompt extension" codingSchemeDesignator="Erasmus" codingSchemeVersion="1.0"/>
         <AllowedTerm codeValue="D010" codeMeaning="1 Yes extracompt extension" codingSchemeDesignator="Erasmus" codingSchemeVersion="1.0"/>
      </Component>
      <Component label="Infiltrative Border" itemNumber="6" authors="Default User" explanatoryText="" minCardinality="1" maxCardinality="2" shouldDisplay="true" groupLabel="" id="2.25.306409962038169819218039321478271625703">
         <ImagingObservation annotatorConfidence="false"/>
         <AllowedTerm codeValue="D011" codeMeaning="0 No infiltrative border" codingSchemeDesignator="Erasmus" codingSchemeVersion="1.0"/>
         <AllowedTerm codeValue="D012" codeMeaning="1 Yes infiltrative border" codingSchemeDesignator="Erasmus" codingSchemeVersion="1.0"/>
      </Component>
      <Component label="Bone Involvement" itemNumber="7" authors="Default User" explanatoryText="" minCardinality="1" maxCardinality="1" shouldDisplay="true" groupLabel="" id="2.25.166069257346762368135816929225775779624">
         <ImagingObservation annotatorConfidence="false"/>
         <AllowedTerm codeValue="D013" codeMeaning="0 No bone involvement" codingSchemeDesignator="Erasmus" codingSchemeVersion="1.0"/>
         <AllowedTerm codeValue="D014" codeMeaning="1 Yes bone involvement" codingSchemeDesignator="Erasmus" codingSchemeVersion="1.0"/>
      </Component>
      <Component label="Bone Destruction" itemNumber="8" authors="Default Author" explanatoryText="" minCardinality="1" maxCardinality="1" shouldDisplay="true" groupLabel="" id="2.25.181411278763008325661496683410085837351">
         <ImagingObservation annotatorConfidence="false"/>
         <AllowedTerm codeValue="D015" codeMeaning="0 No bone destruction" codingSchemeDesignator="Erasmus" codingSchemeVersion="1.0"/>
         <AllowedTerm codeValue="D016" codeMeaning="1 Yes bone destruction" codingSchemeDesignator="Erasmus" codingSchemeVersion="1.0"/>
      </Component>
      <Component label="Neurovascular Involvement" itemNumber="9" authors="Default User" explanatoryText="" minCardinality="1" maxCardinality="1" shouldDisplay="true" groupLabel="" id="2.25.121732821011254109299521056340217692746">
         <ImagingObservation annotatorConfidence="false"/>
         <AllowedTerm codeValue="D017" codeMeaning="0 No neurovascular involvement" codingSchemeDesignator="Erasmus" codingSchemeVersion="1.0"/>
         <AllowedTerm codeValue="D018" codeMeaning="1 Yes neurovascular involvement" codingSchemeDesignator="Erasmus" codingSchemeVersion="1.0"/>
      </Component>
      <Component label="Encasement" itemNumber="10" authors="Default User" explanatoryText="" minCardinality="1" maxCardinality="1" shouldDisplay="true" groupLabel="" id="2.25.166069257346762368135816929225775779624">
         <ImagingObservation annotatorConfidence="false"/>
         <AllowedTerm codeValue="D034" codeMeaning="1 0-90 degree encasement" codingSchemeDesignator="Erasmus" codingSchemeVersion="1.0"/>
         <AllowedTerm codeValue="D035" codeMeaning="2 91-180 degree encasement" codingSchemeDesignator="Erasmus" codingSchemeVersion="1.0"/>
         <AllowedTerm codeValue="D036" codeMeaning="3 181-270 degree encasement" codingSchemeDesignator="Erasmus" codingSchemeVersion="1.0"/>
         <AllowedTerm codeValue="D037" codeMeaning="4 271-360 degree encasement" codingSchemeDesignator="Erasmus" codingSchemeVersion="1.0"/>
      </Component>
      <Component label="MRI T1 Signal" itemNumber="11" authors="Default User" explanatoryText="" minCardinality="1" maxCardinality="1" shouldDisplay="true" groupLabel="" id="2.25.166069257346762368135816929225775779624">
         <ImagingObservation annotatorConfidence="false"/>
         <AllowedTerm codeValue="D019" codeMeaning="0 T1 low SI c/w muscle" codingSchemeDesignator="Erasmus" codingSchemeVersion="1.0"/>
         <AllowedTerm codeValue="D020" codeMeaning="1 T1 iso SI c/w muscle" codingSchemeDesignator="Erasmus" codingSchemeVersion="1.0"/>
         <AllowedTerm codeValue="D021" codeMeaning="2 T1 high SI c/w muscle" codingSchemeDesignator="Erasmus" codingSchemeVersion="1.0"/>
      </Component>
      <Component label="MRI T2 Signal" itemNumber="12" authors="Default Author" explanatoryText="" minCardinality="1" maxCardinality="1" shouldDisplay="true" groupLabel="" id="2.25.92521815917170150074736637229081584301">
         <ImagingObservation annotatorConfidence="false"/>
         <AllowedTerm codeValue="D022" codeMeaning="0 T2 low SI c/w muscle" codingSchemeDesignator="Erasmus" codingSchemeVersion="1.0"/>
         <AllowedTerm codeValue="D023" codeMeaning="1 T2 iso SI c/w muscle" codingSchemeDesignator="Erasmus" codingSchemeVersion="1.0"/>
         <AllowedTerm codeValue="D024" codeMeaning="2 T2 high SI c/w muscle" codingSchemeDesignator="Erasmus" codingSchemeVersion="1.0"/>
      </Component>
      <Component label="MRI Heterogeneity" itemNumber="13" authors="Default Author" explanatoryText="" minCardinality="1" maxCardinality="1" shouldDisplay="true" groupLabel="" id="2.25.323407831278615396256848897771729779087">
         <ImagingObservation annotatorConfidence="false"/>
         <AllowedTerm codeValue="D025" codeMeaning="0 Homogeneous" codingSchemeDesignator="Erasmus" codingSchemeVersion="1.0"/>
         <AllowedTerm codeValue="D026" codeMeaning="1 Heterogeneous" codingSchemeDesignator="Erasmus" codingSchemeVersion="1.0"/>
      </Component>
      <Component label="Non-enhancing Low SI Band" itemNumber="14" authors="Default Author" explanatoryText="" minCardinality="1" maxCardinality="1" shouldDisplay="true" groupLabel="" id="2.25.240305355707272962796980482168289729653">
         <ImagingObservation annotatorConfidence="false"/>
         <AllowedTerm codeValue="D032" codeMeaning="0 No non-enhancing bands" codingSchemeDesignator="Erasmus" codingSchemeVersion="1.0"/>
         <AllowedTerm codeValue="D033" codeMeaning="1 Yes non-enhancing bands" codingSchemeDesignator="Erasmus" codingSchemeVersion="1.0"/>
      </Component>
      <Component label="Internal Signal Void" itemNumber="15" authors="Default Author" explanatoryText="" minCardinality="1" maxCardinality="1" shouldDisplay="true" groupLabel="" id="2.25.82399029268408846190480521733460498439">
         <ImagingObservation annotatorConfidence="false"/>
         <AllowedTerm codeValue="D027" codeMeaning="0 No internal signal void" codingSchemeDesignator="Erasmus" codingSchemeVersion="1.0"/>
         <AllowedTerm codeValue="D028" codeMeaning="1 Yes internal signal void" codingSchemeDesignator="Erasmus" codingSchemeVersion="1.0"/>
      </Component>
      <Component label="Enhancement" itemNumber="16" authors="Default Author" explanatoryText="" minCardinality="1" maxCardinality="1" shouldDisplay="true" groupLabel="" id="2.25.248177537227277564507730025427918693848">
         <ImagingObservation annotatorConfidence="false"/>
         <AllowedTerm codeValue="D029" codeMeaning="0 No enhancement" codingSchemeDesignator="Erasmus" codingSchemeVersion="1.0"/>
         <AllowedTerm codeValue="D030" codeMeaning="1 Partial enhancement" codingSchemeDesignator="Erasmus" codingSchemeVersion="1.0"/>
         <AllowedTerm codeValue="D031" codeMeaning="2 Complete enhancement" codingSchemeDesignator="Erasmus" codingSchemeVersion="1.0"/>
      </Component>
   </Template>
</TemplateContainer>