<?xml version="1.0" encoding="UTF-8"?>
<TemplateContainer uid="2.25.208977181082377846858918864904243307505" name="RSNA - MR Knee-v2" authors="RSAN DEMO" version="1.0" creationDate="2012-09-25" description="MR Knee" xsi:schemaLocation="gme://caCORE.caCORE/3.2/edu.northwestern.radiology.AIMTemplate AIMTemplate_v2rv13.xsd" xmlns="gme://caCORE.caCORE/3.2/edu.northwestern.radiology.AIMTemplate" xmlns:xsi="http://www.w3.org/2001/XMLSchema-instance">
   <Tags>
      <Tag>
         <TagName codeValue="C25683" codeMeaning="Source" codingSchemeDesignator="NCIt" codingSchemeVersion="1.0"/>
         <TagValue>
            <StringValue>RSNA</StringValue>
         </TagValue>
      </Tag>
      <Tag>
         <TagName codeValue="C41147" codeMeaning="Modality" codingSchemeDesignator="NCIt" codingSchemeVersion="1.0"/>
         <TagValue>
            <CodedValue codeValue="C16809 " codeMeaning="MR" codingSchemeDesignator="NCIt" codingSchemeVersion="1.0"/>
         </TagValue>
      </Tag>
      <Tag>
         <TagName codeValue="C25421" codeMeaning="Anatomic" codingSchemeDesignator="NCIt" codingSchemeVersion="1.0"/>
         <TagValue>
            <CodedValue codeValue="RID2743" codeMeaning="knee" codingSchemeDesignator="RadLex" codingSchemeVersion="1.0"/>
         </TagValue>
      </Tag>
   </Tags>
   <Template uid="2.25.30793063568535231428619261338520561145" name="RSNA Template - MR Knee-v2" authors="RSNA DEMO" version="1.0" creationDate="2012-09-25" description="RSNA MR Knee" codeMeaning="RSNA MR KNEE" codeValue="99PRI_TC_023A" codingSchemeDesignator="99PRI_TemplateCode" codingSchemeVersion="1.0"/>
</TemplateContainer>