<?xml version="1.0" encoding="UTF-8"?>
<TemplateContainer uid="2.25.320780204749303238074186990479828486838" name="Bone Template Container" authors="Chris Beaulieu" version="2.0" creationDate="2012-01-05" description="Active template for annotating bone tumors." xsi:schemaLocation="gme://caCORE.caCORE/3.2/edu.northwestern.radiology.AIMTemplate AIMTemplate_v2rv13.xsd" xmlns="gme://caCORE.caCORE/3.2/edu.northwestern.radiology.AIMTemplate" xmlns:xsi="http://www.w3.org/2001/XMLSchema-instance">
   <Template uid="2.25.44126123213290839502059971367361327299" name="Bone Jones Active Template" authors="Chris Beaulieu and Bao Do" version="3.0" creationDate="2012-01-05" description="Template for annotation of bone lesions (reordered)" precedingAnnotation="OfferToSelect" codeMeaning="Bones Jones - Beaulieu" codeValue="v 002B" codingSchemeDesignator="RadLex" codingSchemeVersion="1.0">
      <Component label="Bone Location" itemNumber="1" authors="Default User" explanatoryText="" minCardinality="1" maxCardinality="1" shouldDisplay="true" groupLabel="" id="2.25.95056957131648969118622879400681021206">
         <AnatomicEntity annotatorConfidence="false"/>
         <AllowedTerm codeValue="RID2959" codeMeaning="calcaneus" codingSchemeDesignator="RadLex" codingSchemeVersion="1.0"/>
         <AllowedTerm codeValue="RID2197" codeMeaning="capitate" codingSchemeDesignator="RadLex" codingSchemeVersion="1.0"/>
         <AllowedTerm codeValue="RID1854" codeMeaning="clavicle" codingSchemeDesignator="RadLex" codingSchemeVersion="1.0"/>
         <AllowedTerm codeValue="RID2524" codeMeaning="coccyx" codingSchemeDesignator="RadLex" codingSchemeVersion="1.0"/>
         <AllowedTerm codeValue="RID2973" codeMeaning="cuboid" codingSchemeDesignator="RadLex" codingSchemeVersion="1.0"/>
         <AllowedTerm codeValue="RID2406" codeMeaning="distal phalanx of finger" codingSchemeDesignator="RadLex" codingSchemeVersion="1.0"/>
         <AllowedTerm codeValue="RID3002" codeMeaning="distal phalanx of toe" codingSchemeDesignator="RadLex" codingSchemeVersion="1.0"/>
         <AllowedTerm codeValue="RID2662" codeMeaning="femur" codingSchemeDesignator="RadLex" codingSchemeVersion="1.0"/>
         <AllowedTerm codeValue="RID2871" codeMeaning="fibula" codingSchemeDesignator="RadLex" codingSchemeVersion="1.0"/>
         <AllowedTerm codeValue="RID28829" codeMeaning="foot" codingSchemeDesignator="RadLex" codingSchemeVersion="1.0"/>
         <AllowedTerm codeValue="RID2198" codeMeaning="hamate" codingSchemeDesignator="RadLex" codingSchemeVersion="1.0"/>
         <AllowedTerm codeValue="RID2318" codeMeaning="hand" codingSchemeDesignator="RadLex" codingSchemeVersion="1.0"/>
         <AllowedTerm codeValue="RID1971" codeMeaning="humerus" codingSchemeDesignator="RadLex" codingSchemeVersion="1.0"/>
         <AllowedTerm codeValue="RID2531" codeMeaning="ilium" codingSchemeDesignator="RadLex" codingSchemeVersion="1.0"/>
         <AllowedTerm codeValue="RID2981" codeMeaning="intermediate cuneiform" codingSchemeDesignator="RadLex" codingSchemeVersion="1.0"/>
         <AllowedTerm codeValue="RID2545" codeMeaning="ischium" codingSchemeDesignator="RadLex" codingSchemeVersion="1.0"/>
         <AllowedTerm codeValue="RID2983" codeMeaning="lateral cuneiform" codingSchemeDesignator="RadLex" codingSchemeVersion="1.0"/>
         <AllowedTerm codeValue="RID2187" codeMeaning="lunate" codingSchemeDesignator="RadLex" codingSchemeVersion="1.0"/>
         <AllowedTerm codeValue="RID9082" codeMeaning="mandible" codingSchemeDesignator="RadLex" codingSchemeVersion="1.0"/>
         <AllowedTerm codeValue="RID2978" codeMeaning="medial cuneiform" codingSchemeDesignator="RadLex" codingSchemeVersion="1.0"/>
         <AllowedTerm codeValue="RID2320" codeMeaning="metacarpal bone" codingSchemeDesignator="RadLex" codingSchemeVersion="1.0"/>
         <AllowedTerm codeValue="RID2986" codeMeaning="metatarsal" codingSchemeDesignator="RadLex" codingSchemeVersion="1.0"/>
         <AllowedTerm codeValue="RID2476" codeMeaning="manubrium" codingSchemeDesignator="RadLex" codingSchemeVersion="1.0"/>
         <AllowedTerm codeValue="RID9236" codeMeaning="maxilla" codingSchemeDesignator="RadLex" codingSchemeVersion="1.0"/>
         <AllowedTerm codeValue="RID2405" codeMeaning="middle phalanx of finger" codingSchemeDesignator="RadLex" codingSchemeVersion="1.0"/>
         <AllowedTerm codeValue="RID3001" codeMeaning="middle phalanx of toe" codingSchemeDesignator="RadLex" codingSchemeVersion="1.0"/>
         <AllowedTerm codeValue="RID34435" codeMeaning="navicular bone of foot" codingSchemeDesignator="RadLex" codingSchemeVersion="1.0"/>
         <AllowedTerm codeValue="RID2746" codeMeaning="patella" codingSchemeDesignator="RadLex" codingSchemeVersion="1.0"/>
         <AllowedTerm codeValue="RID2191" codeMeaning="pisiform" codingSchemeDesignator="RadLex" codingSchemeVersion="1.0"/>
         <AllowedTerm codeValue="RID2404" codeMeaning="proximal phalanx of finger" codingSchemeDesignator="RadLex" codingSchemeVersion="1.0"/>
         <AllowedTerm codeValue="RID3000" codeMeaning="proximal phalanx of toe" codingSchemeDesignator="RadLex" codingSchemeVersion="1.0"/>
         <AllowedTerm codeValue="RID2553" codeMeaning="pubis" codingSchemeDesignator="RadLex" codingSchemeVersion="1.0"/>
         <AllowedTerm codeValue="RID2109" codeMeaning="radius" codingSchemeDesignator="RadLex" codingSchemeVersion="1.0"/>
         <AllowedTerm codeValue="RID2471" codeMeaning="rib" codingSchemeDesignator="RadLex" codingSchemeVersion="1.0"/>
         <AllowedTerm codeValue="RID2509" codeMeaning="sacrum" codingSchemeDesignator="RadLex" codingSchemeVersion="1.0"/>
         <AllowedTerm codeValue="RID1860" codeMeaning="scapula" codingSchemeDesignator="RadLex" codingSchemeVersion="1.0"/>
         <AllowedTerm codeValue="RID2181" codeMeaning="scaphoid" codingSchemeDesignator="RadLex" codingSchemeVersion="1.0"/>
         <AllowedTerm codeValue="RID9196" codeMeaning="skull" codingSchemeDesignator="RadLex" codingSchemeVersion="1.0"/>
         <AllowedTerm codeValue="RID2473" codeMeaning="sternum" codingSchemeDesignator="RadLex" codingSchemeVersion="1.0"/>
         <AllowedTerm codeValue="RID2949" codeMeaning="talus" codingSchemeDesignator="RadLex" codingSchemeVersion="1.0"/>
         <AllowedTerm codeValue="RID2885" codeMeaning="tibia" codingSchemeDesignator="RadLex" codingSchemeVersion="1.0"/>
         <AllowedTerm codeValue="RID2193" codeMeaning="trapezium" codingSchemeDesignator="RadLex" codingSchemeVersion="1.0"/>
         <AllowedTerm codeValue="RID2195" codeMeaning="trapezoid" codingSchemeDesignator="RadLex" codingSchemeVersion="1.0"/>
         <AllowedTerm codeValue="RID2189" codeMeaning="triquetrum" codingSchemeDesignator="RadLex" codingSchemeVersion="1.0"/>
         <AllowedTerm codeValue="RID2119" codeMeaning="ulna" codingSchemeDesignator="RadLex" codingSchemeVersion="1.0"/>
         <AllowedTerm codeValue="RID29154" codeMeaning="vertebra" codingSchemeDesignator="RadLex" codingSchemeVersion="1.0"/>
         <AllowedTerm codeValue="BT10067" codeMeaning="no answer provided" codingSchemeDesignator="Bone Tumor Terms" codingSchemeVersion="1.0"/>
         <AllowedTerm codeValue="BT10067" codeMeaning="no answer provided" codingSchemeDesignator="Bone Tumor Terms" codingSchemeVersion="1.0"/>
         <AllowedTerm codeValue="BT10067" codeMeaning="no answer provided" codingSchemeDesignator="Bone Tumor Terms" codingSchemeVersion="1.0"/>
         <AllowedTerm codeValue="BT10067" codeMeaning="no answer provided" codingSchemeDesignator="Bone Tumor Terms" codingSchemeVersion="1.0"/>
         <AllowedTerm codeValue="BT10067" codeMeaning="no answer provided" codingSchemeDesignator="Bone Tumor Terms" codingSchemeVersion="1.0"/>
         <AllowedTerm codeValue="BT10067" codeMeaning="no answer provided" codingSchemeDesignator="Bone Tumor Terms" codingSchemeVersion="1.0"/>
         <AllowedTerm codeValue="BT10067" codeMeaning="no answer provided" codingSchemeDesignator="Bone Tumor Terms" codingSchemeVersion="1.0"/>
         <AllowedTerm codeValue="BT10067" codeMeaning="no answer provided" codingSchemeDesignator="Bone Tumor Terms" codingSchemeVersion="1.0"/>
         <AllowedTerm codeValue="BT10067" codeMeaning="no answer provided" codingSchemeDesignator="Bone Tumor Terms" codingSchemeVersion="1.0"/>
         <AllowedTerm codeValue="BT10067" codeMeaning="no answer provided" codingSchemeDesignator="Bone Tumor Terms" codingSchemeVersion="1.0"/>
         <AllowedTerm codeValue="BT10067" codeMeaning="no answer provided" codingSchemeDesignator="Bone Tumor Terms" codingSchemeVersion="1.0"/>
         <AllowedTerm codeValue="BT10067" codeMeaning="no answer provided" codingSchemeDesignator="Bone Tumor Terms" codingSchemeVersion="1.0"/>
         <AllowedTerm codeValue="BT10067" codeMeaning="no answer provided" codingSchemeDesignator="Bone Tumor Terms" codingSchemeVersion="1.0"/>
         <AllowedTerm codeValue="BT10067" codeMeaning="no answer provided" codingSchemeDesignator="Bone Tumor Terms" codingSchemeVersion="1.0"/>
         <AllowedTerm codeValue="BT10067" codeMeaning="no answer provided" codingSchemeDesignator="Bone Tumor Terms" codingSchemeVersion="1.0"/>
         <AllowedTerm codeValue="BT10067" codeMeaning="no answer provided" codingSchemeDesignator="Bone Tumor Terms" codingSchemeVersion="1.0"/>
         <AllowedTerm codeValue="BT10067" codeMeaning="no answer provided" codingSchemeDesignator="Bone Tumor Terms" codingSchemeVersion="1.0"/>
         <AllowedTerm codeValue="BT10067" codeMeaning="no answer provided" codingSchemeDesignator="Bone Tumor Terms" codingSchemeVersion="1.0"/>
         <AllowedTerm codeValue="BT10067" codeMeaning="no answer provided" codingSchemeDesignator="Bone Tumor Terms" codingSchemeVersion="1.0"/>
         <AllowedTerm codeValue="BT10067" codeMeaning="no answer provided" codingSchemeDesignator="Bone Tumor Terms" codingSchemeVersion="1.0"/>
         <AllowedTerm codeValue="BT10067" codeMeaning="no answer provided" codingSchemeDesignator="Bone Tumor Terms" codingSchemeVersion="1.0"/>
         <AllowedTerm codeValue="BT10067" codeMeaning="no answer provided" codingSchemeDesignator="Bone Tumor Terms" codingSchemeVersion="1.0"/>
         <AllowedTerm codeValue="BT10067" codeMeaning="no answer provided" codingSchemeDesignator="Bone Tumor Terms" codingSchemeVersion="1.0"/>
         <AllowedTerm codeValue="BT10067" codeMeaning="no answer provided" codingSchemeDesignator="Bone Tumor Terms" codingSchemeVersion="1.0"/>
         <AllowedTerm codeValue="BT10067" codeMeaning="no answer provided" codingSchemeDesignator="Bone Tumor Terms" codingSchemeVersion="1.0"/>
         <AllowedTerm codeValue="BT10067" codeMeaning="no answer provided" codingSchemeDesignator="Bone Tumor Terms" codingSchemeVersion="1.0"/>
         <AllowedTerm codeValue="BT10067" codeMeaning="no answer provided" codingSchemeDesignator="Bone Tumor Terms" codingSchemeVersion="1.0"/>
         <AllowedTerm codeValue="BT10067" codeMeaning="no answer provided" codingSchemeDesignator="Bone Tumor Terms" codingSchemeVersion="1.0"/>
         <AllowedTerm codeValue="BT10067" codeMeaning="no answer provided" codingSchemeDesignator="Bone Tumor Terms" codingSchemeVersion="1.0"/>
         <AllowedTerm codeValue="BT10067" codeMeaning="no answer provided" codingSchemeDesignator="Bone Tumor Terms" codingSchemeVersion="1.0"/>
         <AllowedTerm codeValue="BT10067" codeMeaning="no answer provided" codingSchemeDesignator="Bone Tumor Terms" codingSchemeVersion="1.0"/>
         <AllowedTerm codeValue="BT10067" codeMeaning="no answer provided" codingSchemeDesignator="Bone Tumor Terms" codingSchemeVersion="1.0"/>
         <AllowedTerm codeValue="BT10067" codeMeaning="no answer provided" codingSchemeDesignator="Bone Tumor Terms" codingSchemeVersion="1.0"/>
         <AllowedTerm codeValue="BT10067" codeMeaning="no answer provided" codingSchemeDesignator="Bone Tumor Terms" codingSchemeVersion="1.0"/>
         <AllowedTerm codeValue="BT10067" codeMeaning="no answer provided" codingSchemeDesignator="Bone Tumor Terms" codingSchemeVersion="1.0"/>
         <AllowedTerm codeValue="BT10067" codeMeaning="no answer provided" codingSchemeDesignator="Bone Tumor Terms" codingSchemeVersion="1.0"/>
         <AllowedTerm codeValue="BT10067" codeMeaning="no answer provided" codingSchemeDesignator="Bone Tumor Terms" codingSchemeVersion="1.0"/>
         <AllowedTerm codeValue="BT10067" codeMeaning="no answer provided" codingSchemeDesignator="Bone Tumor Terms" codingSchemeVersion="1.0"/>
         <AllowedTerm codeValue="BT10067" codeMeaning="no answer provided" codingSchemeDesignator="Bone Tumor Terms" codingSchemeVersion="1.0"/>
         <AllowedTerm codeValue="BT10067" codeMeaning="no answer provided" codingSchemeDesignator="Bone Tumor Terms" codingSchemeVersion="1.0"/>
         <AllowedTerm codeValue="BT10067" codeMeaning="no answer provided" codingSchemeDesignator="Bone Tumor Terms" codingSchemeVersion="1.0"/>
         <AllowedTerm codeValue="BT10067" codeMeaning="no answer provided" codingSchemeDesignator="Bone Tumor Terms" codingSchemeVersion="1.0"/>
         <AllowedTerm codeValue="BT10067" codeMeaning="no answer provided" codingSchemeDesignator="Bone Tumor Terms" codingSchemeVersion="1.0"/>
         <AllowedTerm codeValue="BT10067" codeMeaning="no answer provided" codingSchemeDesignator="Bone Tumor Terms" codingSchemeVersion="1.0"/>
         <AllowedTerm codeValue="BT10067" codeMeaning="no answer provided" codingSchemeDesignator="Bone Tumor Terms" codingSchemeVersion="1.0"/>
         <AllowedTerm codeValue="BT10067" codeMeaning="no answer provided" codingSchemeDesignator="Bone Tumor Terms" codingSchemeVersion="1.0"/>
         <AllowedTerm codeValue="BT10067" codeMeaning="no answer provided" codingSchemeDesignator="Bone Tumor Terms" codingSchemeVersion="1.0"/>
         <AllowedTerm codeValue="BT10067" codeMeaning="no answer provided" codingSchemeDesignator="Bone Tumor Terms" codingSchemeVersion="1.0"/>
         <AllowedTerm codeValue="BT10067" codeMeaning="no answer provided" codingSchemeDesignator="Bone Tumor Terms" codingSchemeVersion="1.0"/>
         <AllowedTerm codeValue="BT10067" codeMeaning="no answer provided" codingSchemeDesignator="Bone Tumor Terms" codingSchemeVersion="1.0"/>
         <AllowedTerm codeValue="BT10067" codeMeaning="no answer provided" codingSchemeDesignator="Bone Tumor Terms" codingSchemeVersion="1.0"/>
         <AllowedTerm codeValue="BT10067" codeMeaning="no answer provided" codingSchemeDesignator="Bone Tumor Terms" codingSchemeVersion="1.0"/>
         <AllowedTerm codeValue="BT10067" codeMeaning="no answer provided" codingSchemeDesignator="Bone Tumor Terms" codingSchemeVersion="1.0"/>
         <AllowedTerm codeValue="BT10067" codeMeaning="no answer provided" codingSchemeDesignator="Bone Tumor Terms" codingSchemeVersion="1.0"/>
         <AllowedTerm codeValue="BT10067" codeMeaning="no answer provided" codingSchemeDesignator="Bone Tumor Terms" codingSchemeVersion="1.0"/>
         <AllowedTerm codeValue="BT10067" codeMeaning="no answer provided" codingSchemeDesignator="Bone Tumor Terms" codingSchemeVersion="1.0"/>
         <AllowedTerm codeValue="BT10067" codeMeaning="no answer provided" codingSchemeDesignator="Bone Tumor Terms" codingSchemeVersion="1.0"/>
         <AllowedTerm codeValue="BT10067" codeMeaning="no answer provided" codingSchemeDesignator="Bone Tumor Terms" codingSchemeVersion="1.0"/>
         <AllowedTerm codeValue="BT10067" codeMeaning="no answer provided" codingSchemeDesignator="Bone Tumor Terms" codingSchemeVersion="1.0"/>
         <AllowedTerm codeValue="BT10067" codeMeaning="no answer provided" codingSchemeDesignator="Bone Tumor Terms" codingSchemeVersion="1.0"/>
         <AllowedTerm codeValue="BT10067" codeMeaning="no answer provided" codingSchemeDesignator="Bone Tumor Terms" codingSchemeVersion="1.0"/>
         <AllowedTerm codeValue="BT10067" codeMeaning="no answer provided" codingSchemeDesignator="Bone Tumor Terms" codingSchemeVersion="1.0"/>
         <AllowedTerm codeValue="BT10067" codeMeaning="no answer provided" codingSchemeDesignator="Bone Tumor Terms" codingSchemeVersion="1.0"/>
         <AllowedTerm codeValue="BT10067" codeMeaning="no answer provided" codingSchemeDesignator="Bone Tumor Terms" codingSchemeVersion="1.0"/>
         <AllowedTerm codeValue="BT10067" codeMeaning="no answer provided" codingSchemeDesignator="Bone Tumor Terms" codingSchemeVersion="1.0"/>
         <AllowedTerm codeValue="BT10067" codeMeaning="no answer provided" codingSchemeDesignator="Bone Tumor Terms" codingSchemeVersion="1.0"/>
         <AllowedTerm codeValue="BT10067" codeMeaning="no answer provided" codingSchemeDesignator="Bone Tumor Terms" codingSchemeVersion="1.0"/>
         <AllowedTerm codeValue="BT10067" codeMeaning="no answer provided" codingSchemeDesignator="Bone Tumor Terms" codingSchemeVersion="1.0"/>
         <AllowedTerm codeValue="BT10067" codeMeaning="no answer provided" codingSchemeDesignator="Bone Tumor Terms" codingSchemeVersion="1.0"/>
         <AllowedTerm codeValue="BT10067" codeMeaning="no answer provided" codingSchemeDesignator="Bone Tumor Terms" codingSchemeVersion="1.0"/>
         <AllowedTerm codeValue="BT10067" codeMeaning="no answer provided" codingSchemeDesignator="Bone Tumor Terms" codingSchemeVersion="1.0"/>
      </Component>
      <Component label="Longitudinal Lesion Location" itemNumber="2" authors="Default User" explanatoryText="" minCardinality="1" maxCardinality="1" shouldDisplay="true" groupLabel="" id="2.25.68286770764479463153138368567429486736">
         <AnatomicEntity annotatorConfidence="false"/>
         <AllowedTerm codeValue="RID29095" codeMeaning="apophysis" codingSchemeDesignator="RadLex" codingSchemeVersion="1.0"/>
         <AllowedTerm codeValue="RID6105" codeMeaning="epiphysis" codingSchemeDesignator="RadLex" codingSchemeVersion="1.0"/>
         <AllowedTerm codeValue="RID6117" codeMeaning="metaphysis" codingSchemeDesignator="RadLex" codingSchemeVersion="1.0"/>
         <AllowedTerm codeValue="BT10054" codeMeaning="metadiaphysis" codingSchemeDesignator="Bone Tumor Terms" codingSchemeVersion="1.0"/>
         <AllowedTerm codeValue="RID6103" codeMeaning="diaphysis" codingSchemeDesignator="RadLex" codingSchemeVersion="1.0"/>
         <AllowedTerm codeValue="BT10053" codeMeaning="irregularly shaped bone" codingSchemeDesignator="Bone Tumor Terms" codingSchemeVersion="1.0"/>
         <AllowedTerm codeValue="RID34529" codeMeaning="flat bone" codingSchemeDesignator="RadLex" codingSchemeVersion="1.0"/>
      </Component>
      <Component label="Longitudinal Location Proximal vs Distal" itemNumber="3" authors="Default User" explanatoryText="" minCardinality="1" maxCardinality="2" shouldDisplay="true" groupLabel="" id="2.25.121017237550174080753948303176231761835">
         <AnatomicEntity annotatorConfidence="false"/>
         <AllowedTerm codeValue="RID5829" codeMeaning="proximal" codingSchemeDesignator="RadLex" codingSchemeVersion="1.0"/>
         <AllowedTerm codeValue="RID5974" codeMeaning="middle" codingSchemeDesignator="RadLex" codingSchemeVersion="1.0"/>
         <AllowedTerm codeValue="RID5830" codeMeaning="distal" codingSchemeDesignator="RadLex" codingSchemeVersion="1.0"/>
         <AllowedTerm codeValue="RID6308" codeMeaning="subarticular" codingSchemeDesignator="RadLex" codingSchemeVersion="1.0"/>
         <AllowedTerm codeValue="BT10047" codeMeaning="not applicable" codingSchemeDesignator="Bone Tumor Terms" codingSchemeVersion="1.0"/>
      </Component>
      <Component label="Transverse Lesion Location (epicenter)" itemNumber="4" authors="Default User" explanatoryText="" minCardinality="1" maxCardinality="1" shouldDisplay="true" groupLabel="" id="2.25.59557070928223782399520455912974761009">
         <AnatomicEntity annotatorConfidence="false"/>
         <AllowedTerm codeValue="RID5988" codeMeaning="cortex" codingSchemeDesignator="RadLex" codingSchemeVersion="1.0"/>
         <AllowedTerm codeValue="RID6109" codeMeaning="endosteum" codingSchemeDesignator="RadLex" codingSchemeVersion="1.0"/>
         <AllowedTerm codeValue="BT10071" codeMeaning="juxtacortical" codingSchemeDesignator="Bone Tumor Terms" codingSchemeVersion="1.0"/>
         <AllowedTerm codeValue="RID6115" codeMeaning="medullary cavity" codingSchemeDesignator="RadLex" codingSchemeVersion="1.0"/>
         <AllowedTerm codeValue="RID5806" codeMeaning="pedunculated" codingSchemeDesignator="RadLex" codingSchemeVersion="1.0"/>
         <AllowedTerm codeValue="RID6279" codeMeaning="sessile" codingSchemeDesignator="RadLex" codingSchemeVersion="1.0"/>
         <AllowedTerm codeValue="RID6108" codeMeaning="periosteum" codingSchemeDesignator="RadLex" codingSchemeVersion="1.0"/>
         <AllowedTerm codeValue="BT10056" codeMeaning="soft tissue location" codingSchemeDesignator="Bone Tumor Terms" codingSchemeVersion="1.0"/>
      </Component>
      <Component label="Centric vs Eccentric" itemNumber="5" authors="Default User" explanatoryText="" minCardinality="1" maxCardinality="1" shouldDisplay="true" groupLabel="" id="2.25.38198500476345150561938612065551832781">
         <ImagingObservation annotatorConfidence="false"/>
         <AllowedTerm codeValue="BT10047" codeMeaning="not applicable" codingSchemeDesignator="Bone Tumor Terms" codingSchemeVersion="1.0"/>
         <AllowedTerm codeValue="BT10045" codeMeaning="central" codingSchemeDesignator="Bone Tumor Terms" codingSchemeVersion="1.0"/>
         <AllowedTerm codeValue="BT10046" codeMeaning="eccentric" codingSchemeDesignator="Bone Tumor Terms" codingSchemeVersion="1.0"/>
         <AllowedTerm codeValue="BT10059" codeMeaning="indeterminate" codingSchemeDesignator="Bone Tumor Terms" codingSchemeVersion="1.0"/>
      </Component>
      <Component label="Density" itemNumber="6" authors="Default User" explanatoryText="" minCardinality="1" maxCardinality="1" shouldDisplay="true" groupLabel="" id="2.25.310444775948556391542463804549917945634">
         <ImagingObservation annotatorConfidence="false"/>
         <AllowedTerm codeValue="RID35247" codeMeaning="ground glass (intermediate)" codingSchemeDesignator="RadLex" codingSchemeVersion="1.0"/>
         <AllowedTerm codeValue="RID6297" codeMeaning="osteolytic" codingSchemeDesignator="RadLex" codingSchemeVersion="1.0"/>
         <AllowedTerm codeValue="RID6298" codeMeaning="osteosclerotic" codingSchemeDesignator="RadLex" codingSchemeVersion="1.0"/>
         <AllowedTerm codeValue="BT10001" codeMeaning="mixed lytic and sclerotic" codingSchemeDesignator="Bone Tumor Terms" codingSchemeVersion="1.0"/>
         <AllowedTerm codeValue="BT10063" codeMeaning="normal bone density" codingSchemeDesignator="Bone Tumor Terms" codingSchemeVersion="1.0"/>
      </Component>
      <Component label="Matrix or Overall Lesion Texture" itemNumber="7" authors="Default User" explanatoryText="" minCardinality="1" maxCardinality="1" shouldDisplay="true" groupLabel="" id="2.25.309726280825410711096442039233271164266">
         <ImagingObservation annotatorConfidence="false"/>
         <AllowedTerm codeValue="BT10023" codeMeaning="no matrix" codingSchemeDesignator="Bone Tumor Terms" codingSchemeVersion="1.0"/>
         <AllowedTerm codeValue="BT10002" codeMeaning="osteoid or bone forming" codingSchemeDesignator="Bone Tumor Terms" codingSchemeVersion="1.0"/>
         <AllowedTerm codeValue="BT10003" codeMeaning="chondroid" codingSchemeDesignator="Bone Tumor Terms" codingSchemeVersion="1.0"/>
         <AllowedTerm codeValue="BT10005" codeMeaning="central calcification" codingSchemeDesignator="Bone Tumor Terms" codingSchemeVersion="1.0"/>
         <AllowedTerm codeValue="BT10004" codeMeaning="coarse trabeculae" codingSchemeDesignator="Bone Tumor Terms" codingSchemeVersion="1.0"/>
         <AllowedTerm codeValue="RID5907" codeMeaning="septated" codingSchemeDesignator="RadLex" codingSchemeVersion="1.0"/>
      </Component>
      <Component label="Transition Zone or Border" itemNumber="8" authors="Default User" explanatoryText="" minCardinality="1" maxCardinality="1" shouldDisplay="true" groupLabel="" id="2.25.189285988495077206103073397690861677053">
         <ImagingObservation annotatorConfidence="false"/>
         <AllowedTerm codeValue="BT10006" codeMeaning="geographic 1A (narrow sclerotic)" codingSchemeDesignator="Bone Tumor Terms" codingSchemeVersion="1.0"/>
         <AllowedTerm codeValue="BT10007" codeMeaning="geographic 1B (narrow nonsclerotic)" codingSchemeDesignator="Bone Tumor Terms" codingSchemeVersion="1.0"/>
         <AllowedTerm codeValue="BT10008" codeMeaning="geographic 1C (wide nonsclerotic)" codingSchemeDesignator="Bone Tumor Terms" codingSchemeVersion="1.0"/>
         <AllowedTerm codeValue="BT10009" codeMeaning="unable to determine border" codingSchemeDesignator="Bone Tumor Terms" codingSchemeVersion="1.0"/>
         <AllowedTerm codeValue="RID6302" codeMeaning="permeative destruction pattern" codingSchemeDesignator="RadLex" codingSchemeVersion="1.0"/>
         <AllowedTerm codeValue="RID6303" codeMeaning="punched out erosions" codingSchemeDesignator="RadLex" codingSchemeVersion="1.0"/>
      </Component>
      <Component label="Lesion Effect on Cortex" itemNumber="9" authors="Default User" explanatoryText="" minCardinality="1" maxCardinality="1" shouldDisplay="true" groupLabel="" id="2.25.236756184847835311704061767422241492036">
         <ImagingObservation annotatorConfidence="false"/>
         <AllowedTerm codeValue="BT10010" codeMeaning="no endosteal scalloping grade 0" codingSchemeDesignator="Bone Tumor Terms" codingSchemeVersion="1.0"/>
         <AllowedTerm codeValue="BT10011" codeMeaning="endosteal scalloping grade 1 (up to 1/3)" codingSchemeDesignator="Bone Tumor Terms" codingSchemeVersion="1.0"/>
         <AllowedTerm codeValue="BT10012" codeMeaning="endosteal scalloping grade 2 (1/3-2/3)" codingSchemeDesignator="Bone Tumor Terms" codingSchemeVersion="1.0"/>
         <AllowedTerm codeValue="BT10013" codeMeaning="endosteal scalloping grade 3 (more than 2/3)" codingSchemeDesignator="Bone Tumor Terms" codingSchemeVersion="1.0"/>
         <AllowedTerm codeValue="BT10025" codeMeaning="endosteal scalloping grade 4 (full thickness)" codingSchemeDesignator="Bone Tumor Terms" codingSchemeVersion="1.0"/>
         <AllowedTerm codeValue="BT10014" codeMeaning="periosteal scalloping (any degree)" codingSchemeDesignator="Bone Tumor Terms" codingSchemeVersion="1.0"/>
         <AllowedTerm codeValue="BT10015" codeMeaning="cortical thickening" codingSchemeDesignator="Bone Tumor Terms" codingSchemeVersion="1.0"/>
         <AllowedTerm codeValue="BT10047" codeMeaning="not applicable" codingSchemeDesignator="Bone Tumor Terms" codingSchemeVersion="1.0"/>
      </Component>
      <Component label="Periosteum" itemNumber="10" authors="Default User" explanatoryText="" minCardinality="1" maxCardinality="2" shouldDisplay="true" groupLabel="" id="2.25.306409962038169819218039321478271625703">
         <ImagingObservation annotatorConfidence="false"/>
         <AllowedTerm codeValue="BT10016" codeMeaning="no periosteal reaction" codingSchemeDesignator="Bone Tumor Terms" codingSchemeVersion="1.0" defaultAnswer="true"/>
         <AllowedTerm codeValue="BT10017" codeMeaning="solid periosteal reaction" codingSchemeDesignator="Bone Tumor Terms" codingSchemeVersion="1.0"/>
         <AllowedTerm codeValue="BT10019" codeMeaning="lamellated periosteal reaction" codingSchemeDesignator="Bone Tumor Terms" codingSchemeVersion="1.0"/>
         <AllowedTerm codeValue="BT10018" codeMeaning="interrupted periosteal reaction" codingSchemeDesignator="Bone Tumor Terms" codingSchemeVersion="1.0"/>
         <AllowedTerm codeValue="RID35093" codeMeaning="Codman triangle" codingSchemeDesignator="RadLex" codingSchemeVersion="1.0"/>
         <AllowedTerm codeValue="RID35599" codeMeaning="sunburst pattern" codingSchemeDesignator="RadLex" codingSchemeVersion="1.0"/>
      </Component>
      <Component label="Lesion to Shaft Ratio" itemNumber="11" authors="Default User" explanatoryText="" minCardinality="1" maxCardinality="1" shouldDisplay="true" groupLabel="" id="2.25.166069257346762368135816929225775779624">
         <ImagingObservation annotatorConfidence="false"/>
         <AllowedTerm codeValue="BT10028" codeMeaning="0-25%" codingSchemeDesignator="Bone Tumor Terms" codingSchemeVersion="1.0"/>
         <AllowedTerm codeValue="BT10029" codeMeaning="25-50%" codingSchemeDesignator="Bone Tumor Terms" codingSchemeVersion="1.0"/>
         <AllowedTerm codeValue="BT10030" codeMeaning="50-75%" codingSchemeDesignator="Bone Tumor Terms" codingSchemeVersion="1.0"/>
         <AllowedTerm codeValue="BT10031" codeMeaning="75-100%" codingSchemeDesignator="Bone Tumor Terms" codingSchemeVersion="1.0"/>
         <AllowedTerm codeValue="BT10032" codeMeaning="&gt; 100%" codingSchemeDesignator="Bone Tumor Terms" codingSchemeVersion="1.0"/>
         <AllowedTerm codeValue="BT10047" codeMeaning="not applicable" codingSchemeDesignator="Bone Tumor Terms" codingSchemeVersion="1.0"/>
      </Component>
      <Component label="Nonaggressive vs Aggressive" itemNumber="12" authors="Beaulieu" explanatoryText="rate case on how clearly nonaggressive (low score) to clearly aggressive (high score)" minCardinality="1" maxCardinality="1" shouldDisplay="true" groupLabel="" id="2.25.7871738147755288540276063557575419752">
         <ImagingObservation annotatorConfidence="true"/>
         <AllowedTerm codeValue="BT10044" codeMeaning="nonaggressive" codingSchemeDesignator="Bone Tumor Terms" codingSchemeVersion="1.0"/>
         <AllowedTerm codeValue="BT10048" codeMeaning="intermediate" codingSchemeDesignator="Bone Tumor Terms" codingSchemeVersion="1.0"/>
         <AllowedTerm codeValue="RID5678" codeMeaning="aggressive" codingSchemeDesignator="RadLex" codingSchemeVersion="1.0"/>
      </Component>
      <Component label="Diagnosis" itemNumber="13" authors="Default User" explanatoryText="" minCardinality="1" maxCardinality="1" shouldDisplay="true" groupLabel="" id="2.25.303132902989866474070067321781329761161">
         <ImagingObservation annotatorConfidence="false"/>
         <AllowedTerm codeValue="RID5655" codeMeaning="unknown" codingSchemeDesignator="RadLex" codingSchemeVersion="1.0"/>
         <AllowedTerm codeValue="RID4179" codeMeaning="adamantinoma" codingSchemeDesignator="RadLex" codingSchemeVersion="1.0"/>
         <AllowedTerm codeValue="RID4187" codeMeaning="ameloblastoma" codingSchemeDesignator="RadLex" codingSchemeVersion="1.0"/>
         <AllowedTerm codeValue="RID3948" codeMeaning="aneursymal bone cyst" codingSchemeDesignator="RadLex" codingSchemeVersion="1.0"/>
         <AllowedTerm codeValue="RID3989" codeMeaning="angiosarcoma" codingSchemeDesignator="RadLex" codingSchemeVersion="1.0"/>
         <AllowedTerm codeValue="RID34605" codeMeaning="avascular necrosis" codingSchemeDesignator="RadLex" codingSchemeVersion="1.0"/>
         <AllowedTerm codeValue="BT00055" codeMeaning="benign fibrous histiocytoma" codingSchemeDesignator="Bone Tumor Terms" codingSchemeVersion="1.0"/>
         <AllowedTerm codeValue="RID3513" codeMeaning="Brodie abscess" codingSchemeDesignator="RadLex" codingSchemeVersion="1.0"/>
         <AllowedTerm codeValue="BT10050" codeMeaning="brown tumor" codingSchemeDesignator="Bone Tumor Terms" codingSchemeVersion="1.0"/>
         <AllowedTerm codeValue="RID29063" codeMeaning="Caffey disease" codingSchemeDesignator="RadLex" codingSchemeVersion="1.0"/>
         <AllowedTerm codeValue="RID4011" codeMeaning="central osteosarcoma" codingSchemeDesignator="RadLex" codingSchemeVersion="1.0"/>
         <AllowedTerm codeValue="RID4134" codeMeaning="chondroblastoma" codingSchemeDesignator="RadLex" codingSchemeVersion="1.0"/>
         <AllowedTerm codeValue="RID4135" codeMeaning="chondromyxoid fibroma" codingSchemeDesignator="RadLex" codingSchemeVersion="1.0"/>
         <AllowedTerm codeValue="RID4140" codeMeaning="chondrosarcoma" codingSchemeDesignator="RadLex" codingSchemeVersion="1.0"/>
         <AllowedTerm codeValue="RID4146" codeMeaning="chordoma" codingSchemeDesignator="RadLex" codingSchemeVersion="1.0"/>
         <AllowedTerm codeValue="RID3967" codeMeaning="cystic angiomatosis" codingSchemeDesignator="RadLex" codingSchemeVersion="1.0"/>
         <AllowedTerm codeValue="BT10058" codeMeaning="chronic sclerosing osteitis" codingSchemeDesignator="Bone Tumor Terms" codingSchemeVersion="1.0"/>
         <AllowedTerm codeValue="RID4291" codeMeaning="desmoid" codingSchemeDesignator="RadLex" codingSchemeVersion="1.0"/>
         <AllowedTerm codeValue="RID4295" codeMeaning="desmoplastic fibroma" codingSchemeDesignator="RadLex" codingSchemeVersion="1.0"/>
         <AllowedTerm codeValue="RID4128" codeMeaning="enchondroma" codingSchemeDesignator="RadLex" codingSchemeVersion="1.0"/>
         <AllowedTerm codeValue="RID4129" codeMeaning="enchondromatosis" codingSchemeDesignator="RadLex" codingSchemeVersion="1.0"/>
         <AllowedTerm codeValue="RID4003" codeMeaning="enostosis (bone island)" codingSchemeDesignator="RadLex" codingSchemeVersion="1.0"/>
         <AllowedTerm codeValue="RID3849" codeMeaning="eosinophilic granuloma" codingSchemeDesignator="RadLex" codingSchemeVersion="1.0"/>
         <AllowedTerm codeValue="RID3991" codeMeaning="epithelioid hemangioendothelioma" codingSchemeDesignator="RadLex" codingSchemeVersion="1.0"/>
         <AllowedTerm codeValue="RID3852" codeMeaning="Erdheim-Chester disease" codingSchemeDesignator="RadLex" codingSchemeVersion="1.0"/>
         <AllowedTerm codeValue="RID4522" codeMeaning="Ewing sarcoma" codingSchemeDesignator="RadLex" codingSchemeVersion="1.0"/>
         <AllowedTerm codeValue="RID4300" codeMeaning="fibrosarcoma" codingSchemeDesignator="RadLex" codingSchemeVersion="1.0"/>
         <AllowedTerm codeValue="RID3738" codeMeaning="fibrous dysplasia" codingSchemeDesignator="RadLex" codingSchemeVersion="1.0"/>
         <AllowedTerm codeValue="BT10061" codeMeaning="foreign body granuloma" codingSchemeDesignator="Bone Tumor Terms" codingSchemeVersion="1.0"/>
         <AllowedTerm codeValue="BT10051" codeMeaning="ganglion cyst" codingSchemeDesignator="Bone Tumor Terms" codingSchemeVersion="1.0"/>
         <AllowedTerm codeValue="RID34415" codeMeaning="Gaucher disease" codingSchemeDesignator="RadLex" codingSchemeVersion="1.0"/>
         <AllowedTerm codeValue="BT10052" codeMeaning="giant cell reparative granuloma" codingSchemeDesignator="Bone Tumor Terms" codingSchemeVersion="1.0"/>
         <AllowedTerm codeValue="RID4309" codeMeaning="giant cell tumor" codingSchemeDesignator="RadLex" codingSchemeVersion="1.0"/>
         <AllowedTerm codeValue="BT10070" codeMeaning="giant cell tumor of tendon sheath" codingSchemeDesignator="Bone Tumor Terms" codingSchemeVersion="1.0"/>
         <AllowedTerm codeValue="BT10072" codeMeaning="glomus tumor" codingSchemeDesignator="Bone Tumor Terms" codingSchemeVersion="1.0"/>
         <AllowedTerm codeValue="RID3953" codeMeaning="granuloma" codingSchemeDesignator="RadLex" codingSchemeVersion="1.0"/>
         <AllowedTerm codeValue="RID3969" codeMeaning="hemangioma" codingSchemeDesignator="RadLex" codingSchemeVersion="1.0"/>
         <AllowedTerm codeValue="RID3997" codeMeaning="hemangiopericytoma" codingSchemeDesignator="RadLex" codingSchemeVersion="1.0"/>
         <AllowedTerm codeValue="RID4137" codeMeaning="hereditary multiple exostoses" codingSchemeDesignator="RadLex" codingSchemeVersion="1.0"/>
         <AllowedTerm codeValue="RID4015" codeMeaning="high grade surface osteosarcoma" codingSchemeDesignator="RadLex" codingSchemeVersion="1.0"/>
         <AllowedTerm codeValue="RID3842" codeMeaning="Hodgkin lymphoma" codingSchemeDesignator="RadLex" codingSchemeVersion="1.0"/>
         <AllowedTerm codeValue="RID4352" codeMeaning="intraosseous lipoma" codingSchemeDesignator="RadLex" codingSchemeVersion="1.0"/>
         <AllowedTerm codeValue="RID3999" codeMeaning="Kaposi sarcoma" codingSchemeDesignator="RadLex" codingSchemeVersion="1.0"/>
         <AllowedTerm codeValue="RID3846" codeMeaning="Langerhans cell histiocytosis" codingSchemeDesignator="RadLex" codingSchemeVersion="1.0"/>
         <AllowedTerm codeValue="RID4387" codeMeaning="leiomyosarcoma" codingSchemeDesignator="RadLex" codingSchemeVersion="1.0"/>
         <AllowedTerm codeValue="RID3863" codeMeaning="leukemia" codingSchemeDesignator="RadLex" codingSchemeVersion="1.0"/>
         <AllowedTerm codeValue="RID4358" codeMeaning="liposarcoma" codingSchemeDesignator="RadLex" codingSchemeVersion="1.0"/>
         <AllowedTerm codeValue="RID3840" codeMeaning="lymphoma" codingSchemeDesignator="RadLex" codingSchemeVersion="1.0"/>
         <AllowedTerm codeValue="RID4131" codeMeaning="Maffucci syndrome" codingSchemeDesignator="RadLex" codingSchemeVersion="1.0"/>
         <AllowedTerm codeValue="RID4305" codeMeaning="malignant fibrous histocytoma" codingSchemeDesignator="RadLex" codingSchemeVersion="1.0"/>
         <AllowedTerm codeValue="RID34660" codeMeaning="melorheostosis" codingSchemeDesignator="RadLex" codingSchemeVersion="1.0"/>
         <AllowedTerm codeValue="BT10060" codeMeaning="mastocytosis" codingSchemeDesignator="Bone Tumor Terms" codingSchemeVersion="1.0"/>
         <AllowedTerm codeValue="RID4088" codeMeaning="meningioma" codingSchemeDesignator="RadLex" codingSchemeVersion="1.0"/>
         <AllowedTerm codeValue="RID5231" codeMeaning="metastasis" codingSchemeDesignator="RadLex" codingSchemeVersion="1.0"/>
         <AllowedTerm codeValue="RID3864" codeMeaning="multiple myeloma" codingSchemeDesignator="RadLex" codingSchemeVersion="1.0"/>
         <AllowedTerm codeValue="BT10062" codeMeaning="myositis ossificans" codingSchemeDesignator="Bone Tumor Terms" codingSchemeVersion="1.0"/>
         <AllowedTerm codeValue="RID4363" codeMeaning="myxoid liposarcoma" codingSchemeDesignator="RadLex" codingSchemeVersion="1.0"/>
         <AllowedTerm codeValue="RID4397" codeMeaning="myxoma" codingSchemeDesignator="RadLex" codingSchemeVersion="1.0"/>
         <AllowedTerm codeValue="RID4454" codeMeaning="neuroblastoma" codingSchemeDesignator="RadLex" codingSchemeVersion="1.0"/>
         <AllowedTerm codeValue="RID3843" codeMeaning="non-Hodgkin lymphoma" codingSchemeDesignator="RadLex" codingSchemeVersion="1.0"/>
         <AllowedTerm codeValue="RID4290" codeMeaning="nonossifying fibroma" codingSchemeDesignator="RadLex" codingSchemeVersion="1.0"/>
         <AllowedTerm codeValue="RID4008" codeMeaning="ossifying fibroma" codingSchemeDesignator="RadLex" codingSchemeVersion="1.0"/>
         <AllowedTerm codeValue="RID4006" codeMeaning="osteoblastoma" codingSchemeDesignator="RadLex" codingSchemeVersion="1.0"/>
         <AllowedTerm codeValue="RID4136" codeMeaning="osteochondroma" codingSchemeDesignator="RadLex" codingSchemeVersion="1.0"/>
         <AllowedTerm codeValue="RID4005" codeMeaning="osteoid osteoma" codingSchemeDesignator="RadLex" codingSchemeVersion="1.0"/>
         <AllowedTerm codeValue="RID4002" codeMeaning="osteoma" codingSchemeDesignator="RadLex" codingSchemeVersion="1.0"/>
         <AllowedTerm codeValue="RID3715" codeMeaning="osteomyelitis" codingSchemeDesignator="RadLex" codingSchemeVersion="1.0"/>
         <AllowedTerm codeValue="RID5180" codeMeaning="osteonecrosis" codingSchemeDesignator="RadLex" codingSchemeVersion="1.0"/>
         <AllowedTerm codeValue="RID5392" codeMeaning="osteopetrosis" codingSchemeDesignator="RadLex" codingSchemeVersion="1.0"/>
         <AllowedTerm codeValue="RID4010" codeMeaning="osteosarcoma" codingSchemeDesignator="RadLex" codingSchemeVersion="1.0"/>
         <AllowedTerm codeValue="RID3815" codeMeaning="Paget disease" codingSchemeDesignator="RadLex" codingSchemeVersion="1.0"/>
         <AllowedTerm codeValue="RID4021" codeMeaning="parosteal osteosarcoma" codingSchemeDesignator="RadLex" codingSchemeVersion="1.0"/>
         <AllowedTerm codeValue="RID4022" codeMeaning="periosteal osteosarcoma" codingSchemeDesignator="RadLex" codingSchemeVersion="1.0"/>
         <AllowedTerm codeValue="RID4132" codeMeaning="periosteal chondroma" codingSchemeDesignator="RadLex" codingSchemeVersion="1.0"/>
         <AllowedTerm codeValue="RID3641" codeMeaning="pigmented villonodular synovitis" codingSchemeDesignator="RadLex" codingSchemeVersion="1.0"/>
         <AllowedTerm codeValue="BT10069" codeMeaning="PIndborg Tumor" codingSchemeDesignator="Bone Tumor Terms" codingSchemeVersion="1.0"/>
         <AllowedTerm codeValue="RID3861" codeMeaning="plasmacytoma" codingSchemeDesignator="RadLex" codingSchemeVersion="1.0"/>
         <AllowedTerm codeValue="RID4364" codeMeaning="pleomorphic liposarcoma" codingSchemeDesignator="RadLex" codingSchemeVersion="1.0"/>
         <AllowedTerm codeValue="RID3851" codeMeaning="Rosai-Dorfman disease" codingSchemeDesignator="RadLex" codingSchemeVersion="1.0"/>
         <AllowedTerm codeValue="RID4396" codeMeaning="rhabdomyosarcoma" codingSchemeDesignator="RadLex" codingSchemeVersion="1.0"/>
         <AllowedTerm codeValue="RID3878" codeMeaning="rheumatoid nodule" codingSchemeDesignator="RadLex" codingSchemeVersion="1.0"/>
         <AllowedTerm codeValue="RID34662" codeMeaning="sarcoidosis" codingSchemeDesignator="RadLex" codingSchemeVersion="1.0"/>
         <AllowedTerm codeValue="RID4521" codeMeaning="sarcoma" codingSchemeDesignator="RadLex" codingSchemeVersion="1.0"/>
         <AllowedTerm codeValue="RID4473" codeMeaning="schwannoma" codingSchemeDesignator="RadLex" codingSchemeVersion="1.0"/>
         <AllowedTerm codeValue="RID3514" codeMeaning="sclerosing osteomyelitis" codingSchemeDesignator="RadLex" codingSchemeVersion="1.0"/>
         <AllowedTerm codeValue="RID3945" codeMeaning="simple bone cyst" codingSchemeDesignator="RadLex" codingSchemeVersion="1.0"/>
         <AllowedTerm codeValue="RID4558" codeMeaning="synovial sarcoma" codingSchemeDesignator="RadLex" codingSchemeVersion="1.0"/>
         <AllowedTerm codeValue="RID4024" codeMeaning="telangiectatic osteosarcoma" codingSchemeDesignator="RadLex" codingSchemeVersion="1.0"/>
         <AllowedTerm codeValue="RID29116" codeMeaning="tuberculosis" codingSchemeDesignator="RadLex" codingSchemeVersion="1.0"/>
      </Component>
      <Component label="Primary Malignancy if Metastasis" itemNumber="14" authors="Default User" explanatoryText="" minCardinality="0" maxCardinality="1" shouldDisplay="true" groupLabel="" id="2.25.7227855420546358359317709949394047767" requireComment="true">
         <ImagingObservation annotatorConfidence="false"/>
         <AllowedTerm codeValue="BT10047" codeMeaning="not applicable" codingSchemeDesignator="Bone Tumor Terms" codingSchemeVersion="1.0"/>
         <AllowedTerm codeValue="RID3989" codeMeaning="angiosarcoma" codingSchemeDesignator="RadLex" codingSchemeVersion="1.0"/>
         <AllowedTerm codeValue="RID6434" codeMeaning="brain" codingSchemeDesignator="RadLex" codingSchemeVersion="1.0"/>
         <AllowedTerm codeValue="RID28749" codeMeaning="breast" codingSchemeDesignator="RadLex" codingSchemeVersion="1.0"/>
         <AllowedTerm codeValue="RID4247" codeMeaning="carcinoma (unknown primary)" codingSchemeDesignator="RadLex" codingSchemeVersion="1.0"/>
         <AllowedTerm codeValue="RID308" codeMeaning="cervix of uterus" codingSchemeDesignator="RadLex" codingSchemeVersion="1.0"/>
         <AllowedTerm codeValue="RID4266" codeMeaning="cholangiocarcinoma" codingSchemeDesignator="RadLex" codingSchemeVersion="1.0"/>
         <AllowedTerm codeValue="RID31011" codeMeaning="colon" codingSchemeDesignator="RadLex" codingSchemeVersion="1.0"/>
         <AllowedTerm codeValue="RID4251" codeMeaning="gastric carcinoma" codingSchemeDesignator="RadLex" codingSchemeVersion="1.0"/>
         <AllowedTerm codeValue="RID4309" codeMeaning="giant cell tumor" codingSchemeDesignator="RadLex" codingSchemeVersion="1.0"/>
         <AllowedTerm codeValue="RID4522" codeMeaning="Ewing sarcoma" codingSchemeDesignator="RadLex" codingSchemeVersion="1.0"/>
         <AllowedTerm codeValue="RID205" codeMeaning="kidney" codingSchemeDesignator="RadLex" codingSchemeVersion="1.0"/>
         <AllowedTerm codeValue="RID58" codeMeaning="liver" codingSchemeDesignator="RadLex" codingSchemeVersion="1.0"/>
         <AllowedTerm codeValue="RID1301" codeMeaning="lung" codingSchemeDesignator="RadLex" codingSchemeVersion="1.0"/>
         <AllowedTerm codeValue="RID4408" codeMeaning="medulloblastoma" codingSchemeDesignator="RadLex" codingSchemeVersion="1.0"/>
         <AllowedTerm codeValue="RID34617" codeMeaning="melanoma" codingSchemeDesignator="RadLex" codingSchemeVersion="1.0"/>
         <AllowedTerm codeValue="RID4088" codeMeaning="meningioma" codingSchemeDesignator="RadLex" codingSchemeVersion="1.0"/>
         <AllowedTerm codeValue="BT10057" codeMeaning="neurogenic tumor" codingSchemeDesignator="Bone Tumor Terms" codingSchemeVersion="1.0"/>
         <AllowedTerm codeValue="RID4010" codeMeaning="osteosarcoma" codingSchemeDesignator="RadLex" codingSchemeVersion="1.0"/>
         <AllowedTerm codeValue="RID170" codeMeaning="pancreas" codingSchemeDesignator="RadLex" codingSchemeVersion="1.0"/>
         <AllowedTerm codeValue="RID343" codeMeaning="prostate" codingSchemeDesignator="RadLex" codingSchemeVersion="1.0"/>
         <AllowedTerm codeValue="RID13421" codeMeaning="salivary gland" codingSchemeDesignator="RadLex" codingSchemeVersion="1.0"/>
         <AllowedTerm codeValue="RID4521" codeMeaning="sarcoma" codingSchemeDesignator="RadLex" codingSchemeVersion="1.0"/>
         <AllowedTerm codeValue="RID132" codeMeaning="small intestine" codingSchemeDesignator="RadLex" codingSchemeVersion="1.0"/>
         <AllowedTerm codeValue="RID114" codeMeaning="stomach" codingSchemeDesignator="RadLex" codingSchemeVersion="1.0"/>
         <AllowedTerm codeValue="RID4558" codeMeaning="synovial sarcoma" codingSchemeDesignator="RadLex" codingSchemeVersion="1.0"/>
         <AllowedTerm codeValue="RID366" codeMeaning="testis" codingSchemeDesignator="RadLex" codingSchemeVersion="1.0"/>
         <AllowedTerm codeValue="RID7578" codeMeaning="thyroid gland" codingSchemeDesignator="RadLex" codingSchemeVersion="1.0"/>
         <AllowedTerm codeValue="RID34854" codeMeaning="tonsil" codingSchemeDesignator="RadLex" codingSchemeVersion="1.0"/>
         <AllowedTerm codeValue="RID4279" codeMeaning="transitional cell carcinoma" codingSchemeDesignator="RadLex" codingSchemeVersion="1.0"/>
         <AllowedTerm codeValue="RID290" codeMeaning="ovary" codingSchemeDesignator="RadLex" codingSchemeVersion="1.0"/>
         <AllowedTerm codeValue="BT10064" codeMeaning="unknown primary tumor" codingSchemeDesignator="Bone Tumor Terms" codingSchemeVersion="1.0"/>
         <AllowedTerm codeValue="RID229" codeMeaning="ureter" codingSchemeDesignator="RadLex" codingSchemeVersion="1.0"/>
         <AllowedTerm codeValue="RID237" codeMeaning="urinary bladder" codingSchemeDesignator="RadLex" codingSchemeVersion="1.0"/>
         <AllowedTerm codeValue="RID302" codeMeaning="uterus" codingSchemeDesignator="RadLex" codingSchemeVersion="1.0"/>
      </Component>
      <Component label="Secondary Diagnosis" itemNumber="15" authors="Default User" explanatoryText="If lesion arose in another primary lesion or part of a syndrome" minCardinality="0" maxCardinality="1" shouldDisplay="true" groupLabel="" id="2.25.235771351065721321593523137057860898168">
         <ImagingObservation annotatorConfidence="false"/>
         <AllowedTerm codeValue="BT10047" codeMeaning="not applicable" codingSchemeDesignator="Bone Tumor Terms" codingSchemeVersion="1.0"/>
         <AllowedTerm codeValue="RID3948" codeMeaning="aneursymal bone cyst" codingSchemeDesignator="RadLex" codingSchemeVersion="1.0"/>
         <AllowedTerm codeValue="RID4140" codeMeaning="chondrosarcoma" codingSchemeDesignator="RadLex" codingSchemeVersion="1.0"/>
         <AllowedTerm codeValue="RID4129" codeMeaning="enchondromatosis" codingSchemeDesignator="RadLex" codingSchemeVersion="1.0"/>
         <AllowedTerm codeValue="RID4522" codeMeaning="Ewing sarcoma" codingSchemeDesignator="RadLex" codingSchemeVersion="1.0"/>
         <AllowedTerm codeValue="RID4300" codeMeaning="fibrosarcoma" codingSchemeDesignator="RadLex" codingSchemeVersion="1.0"/>
         <AllowedTerm codeValue="RID4309" codeMeaning="giant cell tumor" codingSchemeDesignator="RadLex" codingSchemeVersion="1.0"/>
         <AllowedTerm codeValue="RID4137" codeMeaning="hereditary multiple exostoses" codingSchemeDesignator="RadLex" codingSchemeVersion="1.0"/>
         <AllowedTerm codeValue="RID34610" codeMeaning="hyperparathyroidism" codingSchemeDesignator="RadLex" codingSchemeVersion="1.0"/>
         <AllowedTerm codeValue="RID3840" codeMeaning="lymphoma" codingSchemeDesignator="RadLex" codingSchemeVersion="1.0"/>
         <AllowedTerm codeValue="RID4131" codeMeaning="Maffucci syndrome" codingSchemeDesignator="RadLex" codingSchemeVersion="1.0"/>
         <AllowedTerm codeValue="RID4305" codeMeaning="malignant fibrous histocytoma" codingSchemeDesignator="RadLex" codingSchemeVersion="1.0"/>
         <AllowedTerm codeValue="RID4136" codeMeaning="osteochondroma" codingSchemeDesignator="RadLex" codingSchemeVersion="1.0"/>
         <AllowedTerm codeValue="RID4010" codeMeaning="osteosarcoma" codingSchemeDesignator="RadLex" codingSchemeVersion="1.0"/>
         <AllowedTerm codeValue="RID4019" codeMeaning="osteosarcoma in Paget disease of bone" codingSchemeDesignator="RadLex" codingSchemeVersion="1.0"/>
         <AllowedTerm codeValue="RID3815" codeMeaning="Paget disease" codingSchemeDesignator="RadLex" codingSchemeVersion="1.0"/>
         <AllowedTerm codeValue="BT10068" codeMeaning="POEM&apos;s Syndrome" codingSchemeDesignator="Bone Tumor Terms" codingSchemeVersion="1.0"/>
         <AllowedTerm codeValue="RID34709" codeMeaning="polyostotic fibrous dysplasia" codingSchemeDesignator="RadLex" codingSchemeVersion="1.0"/>
         <AllowedTerm codeValue="RID4521" codeMeaning="sarcoma" codingSchemeDesignator="RadLex" codingSchemeVersion="1.0"/>
      </Component>
      <Component label="Age" itemNumber="16" authors="Default User" explanatoryText="" minCardinality="1" maxCardinality="1" shouldDisplay="true" groupLabel="" id="2.25.173655738155517634220861448695889242560">
         <ImagingObservation annotatorConfidence="false"/>
         <AllowedTerm codeValue="n/a" codeMeaning="null" codingSchemeDesignator="Beaulieu" codingSchemeVersion="1.0"/>
         <AllowedTerm codeValue="1" codeMeaning="1" codingSchemeDesignator="Beaulieu" codingSchemeVersion="1.0"/>
         <AllowedTerm codeValue="2" codeMeaning="2" codingSchemeDesignator="Beaulieu" codingSchemeVersion="1.0"/>
         <AllowedTerm codeValue="3" codeMeaning="3" codingSchemeDesignator="Beaulieu" codingSchemeVersion="1.0"/>
         <AllowedTerm codeValue="4" codeMeaning="4" codingSchemeDesignator="Beaulieu" codingSchemeVersion="1.0"/>
         <AllowedTerm codeValue="5" codeMeaning="5" codingSchemeDesignator="Beaulieu" codingSchemeVersion="1.0"/>
         <AllowedTerm codeValue="6" codeMeaning="6" codingSchemeDesignator="Beaulieu" codingSchemeVersion="1.0"/>
         <AllowedTerm codeValue="7" codeMeaning="7" codingSchemeDesignator="Beaulieu" codingSchemeVersion="1.0"/>
         <AllowedTerm codeValue="8" codeMeaning="8" codingSchemeDesignator="Beaulieu" codingSchemeVersion="1.0"/>
         <AllowedTerm codeValue="9" codeMeaning="9" codingSchemeDesignator="Beaulieu" codingSchemeVersion="1.0"/>
         <AllowedTerm codeValue="10" codeMeaning="10" codingSchemeDesignator="Beaulieu" codingSchemeVersion="1.0"/>
         <AllowedTerm codeValue="11" codeMeaning="11" codingSchemeDesignator="Beaulieu" codingSchemeVersion="1.0"/>
         <AllowedTerm codeValue="12" codeMeaning="12" codingSchemeDesignator="Beaulieu" codingSchemeVersion="1.0"/>
         <AllowedTerm codeValue="13" codeMeaning="13" codingSchemeDesignator="Beaulieu" codingSchemeVersion="1.0"/>
         <AllowedTerm codeValue="14" codeMeaning="14" codingSchemeDesignator="Beaulieu" codingSchemeVersion="1.0"/>
         <AllowedTerm codeValue="15" codeMeaning="15" codingSchemeDesignator="Beaulieu" codingSchemeVersion="1.0"/>
         <AllowedTerm codeValue="16" codeMeaning="16" codingSchemeDesignator="Beaulieu" codingSchemeVersion="1.0"/>
         <AllowedTerm codeValue="17" codeMeaning="17" codingSchemeDesignator="Beaulieu" codingSchemeVersion="1.0"/>
         <AllowedTerm codeValue="18" codeMeaning="18" codingSchemeDesignator="Beaulieu" codingSchemeVersion="1.0"/>
         <AllowedTerm codeValue="19" codeMeaning="19" codingSchemeDesignator="Beaulieu" codingSchemeVersion="1.0"/>
         <AllowedTerm codeValue="20" codeMeaning="20" codingSchemeDesignator="Beaulieu" codingSchemeVersion="1.0"/>
         <AllowedTerm codeValue="21" codeMeaning="21" codingSchemeDesignator="Beaulieu" codingSchemeVersion="1.0"/>
         <AllowedTerm codeValue="22" codeMeaning="22" codingSchemeDesignator="Beaulieu" codingSchemeVersion="1.0"/>
         <AllowedTerm codeValue="23" codeMeaning="23" codingSchemeDesignator="Beaulieu" codingSchemeVersion="1.0"/>
         <AllowedTerm codeValue="24" codeMeaning="24" codingSchemeDesignator="Beaulieu" codingSchemeVersion="1.0"/>
         <AllowedTerm codeValue="25" codeMeaning="25" codingSchemeDesignator="Beaulieu" codingSchemeVersion="1.0"/>
         <AllowedTerm codeValue="26" codeMeaning="26" codingSchemeDesignator="Beaulieu" codingSchemeVersion="1.0"/>
         <AllowedTerm codeValue="27" codeMeaning="27" codingSchemeDesignator="Beaulieu" codingSchemeVersion="1.0"/>
         <AllowedTerm codeValue="28" codeMeaning="28" codingSchemeDesignator="Beaulieu" codingSchemeVersion="1.0"/>
         <AllowedTerm codeValue="29" codeMeaning="29" codingSchemeDesignator="Beaulieu" codingSchemeVersion="1.0"/>
         <AllowedTerm codeValue="30" codeMeaning="30" codingSchemeDesignator="Beaulieu" codingSchemeVersion="1.0"/>
         <AllowedTerm codeValue="31" codeMeaning="31" codingSchemeDesignator="Beaulieu" codingSchemeVersion="1.0"/>
         <AllowedTerm codeValue="32" codeMeaning="32" codingSchemeDesignator="Beaulieu" codingSchemeVersion="1.0"/>
         <AllowedTerm codeValue="33" codeMeaning="33" codingSchemeDesignator="Beaulieu" codingSchemeVersion="1.0"/>
         <AllowedTerm codeValue="34" codeMeaning="34" codingSchemeDesignator="Beaulieu" codingSchemeVersion="1.0"/>
         <AllowedTerm codeValue="35" codeMeaning="35" codingSchemeDesignator="Beaulieu" codingSchemeVersion="1.0"/>
         <AllowedTerm codeValue="36" codeMeaning="36" codingSchemeDesignator="Beaulieu" codingSchemeVersion="1.0"/>
         <AllowedTerm codeValue="37" codeMeaning="37" codingSchemeDesignator="Beaulieu" codingSchemeVersion="1.0"/>
         <AllowedTerm codeValue="38" codeMeaning="38" codingSchemeDesignator="Beaulieu" codingSchemeVersion="1.0"/>
         <AllowedTerm codeValue="39" codeMeaning="39" codingSchemeDesignator="Beaulieu" codingSchemeVersion="1.0"/>
         <AllowedTerm codeValue="40" codeMeaning="40" codingSchemeDesignator="Beaulieu" codingSchemeVersion="1.0"/>
         <AllowedTerm codeValue="41" codeMeaning="41" codingSchemeDesignator="Beaulieu" codingSchemeVersion="1.0"/>
         <AllowedTerm codeValue="42" codeMeaning="42" codingSchemeDesignator="Beaulieu" codingSchemeVersion="1.0"/>
         <AllowedTerm codeValue="43" codeMeaning="43" codingSchemeDesignator="Beaulieu" codingSchemeVersion="1.0"/>
         <AllowedTerm codeValue="44" codeMeaning="44" codingSchemeDesignator="Beaulieu" codingSchemeVersion="1.0"/>
         <AllowedTerm codeValue="45" codeMeaning="45" codingSchemeDesignator="Beaulieu" codingSchemeVersion="1.0"/>
         <AllowedTerm codeValue="46" codeMeaning="46" codingSchemeDesignator="Beaulieu" codingSchemeVersion="1.0"/>
         <AllowedTerm codeValue="47" codeMeaning="47" codingSchemeDesignator="Beaulieu" codingSchemeVersion="1.0"/>
         <AllowedTerm codeValue="48" codeMeaning="48" codingSchemeDesignator="Beaulieu" codingSchemeVersion="1.0"/>
         <AllowedTerm codeValue="49" codeMeaning="49" codingSchemeDesignator="Beaulieu" codingSchemeVersion="1.0"/>
         <AllowedTerm codeValue="50" codeMeaning="50" codingSchemeDesignator="Beaulieu" codingSchemeVersion="1.0"/>
         <AllowedTerm codeValue="51" codeMeaning="51" codingSchemeDesignator="Beaulieu" codingSchemeVersion="1.0"/>
         <AllowedTerm codeValue="52" codeMeaning="52" codingSchemeDesignator="Beaulieu" codingSchemeVersion="1.0"/>
         <AllowedTerm codeValue="53" codeMeaning="53" codingSchemeDesignator="Beaulieu" codingSchemeVersion="1.0"/>
         <AllowedTerm codeValue="54" codeMeaning="54" codingSchemeDesignator="Beaulieu" codingSchemeVersion="1.0"/>
         <AllowedTerm codeValue="55" codeMeaning="55" codingSchemeDesignator="Beaulieu" codingSchemeVersion="1.0"/>
         <AllowedTerm codeValue="56" codeMeaning="56" codingSchemeDesignator="Beaulieu" codingSchemeVersion="1.0"/>
         <AllowedTerm codeValue="57" codeMeaning="57" codingSchemeDesignator="Beaulieu" codingSchemeVersion="1.0"/>
         <AllowedTerm codeValue="58" codeMeaning="58" codingSchemeDesignator="Beaulieu" codingSchemeVersion="1.0"/>
         <AllowedTerm codeValue="59" codeMeaning="59" codingSchemeDesignator="Beaulieu" codingSchemeVersion="1.0"/>
         <AllowedTerm codeValue="60" codeMeaning="60" codingSchemeDesignator="Beaulieu" codingSchemeVersion="1.0"/>
         <AllowedTerm codeValue="61" codeMeaning="61" codingSchemeDesignator="Beaulieu" codingSchemeVersion="1.0"/>
         <AllowedTerm codeValue="62" codeMeaning="62" codingSchemeDesignator="Beaulieu" codingSchemeVersion="1.0"/>
         <AllowedTerm codeValue="63" codeMeaning="63" codingSchemeDesignator="Beaulieu" codingSchemeVersion="1.0"/>
         <AllowedTerm codeValue="64" codeMeaning="64" codingSchemeDesignator="Beaulieu" codingSchemeVersion="1.0"/>
         <AllowedTerm codeValue="65" codeMeaning="65" codingSchemeDesignator="Beaulieu" codingSchemeVersion="1.0"/>
         <AllowedTerm codeValue="66" codeMeaning="66" codingSchemeDesignator="Beaulieu" codingSchemeVersion="1.0"/>
         <AllowedTerm codeValue="67" codeMeaning="67" codingSchemeDesignator="Beaulieu" codingSchemeVersion="1.0"/>
         <AllowedTerm codeValue="68" codeMeaning="68" codingSchemeDesignator="Beaulieu" codingSchemeVersion="1.0"/>
         <AllowedTerm codeValue="69" codeMeaning="69" codingSchemeDesignator="Beaulieu" codingSchemeVersion="1.0"/>
         <AllowedTerm codeValue="70" codeMeaning="70" codingSchemeDesignator="Beaulieu" codingSchemeVersion="1.0"/>
         <AllowedTerm codeValue="71" codeMeaning="71" codingSchemeDesignator="Beaulieu" codingSchemeVersion="1.0"/>
         <AllowedTerm codeValue="72" codeMeaning="72" codingSchemeDesignator="Beaulieu" codingSchemeVersion="1.0"/>
         <AllowedTerm codeValue="73" codeMeaning="73" codingSchemeDesignator="Beaulieu" codingSchemeVersion="1.0"/>
         <AllowedTerm codeValue="74" codeMeaning="74" codingSchemeDesignator="Beaulieu" codingSchemeVersion="1.0"/>
         <AllowedTerm codeValue="75" codeMeaning="75" codingSchemeDesignator="Beaulieu" codingSchemeVersion="1.0"/>
         <AllowedTerm codeValue="76" codeMeaning="76" codingSchemeDesignator="Beaulieu" codingSchemeVersion="1.0"/>
         <AllowedTerm codeValue="77" codeMeaning="77" codingSchemeDesignator="Beaulieu" codingSchemeVersion="1.0"/>
         <AllowedTerm codeValue="78" codeMeaning="78" codingSchemeDesignator="Beaulieu" codingSchemeVersion="1.0"/>
         <AllowedTerm codeValue="79" codeMeaning="79" codingSchemeDesignator="Beaulieu" codingSchemeVersion="1.0"/>
         <AllowedTerm codeValue="80" codeMeaning="80" codingSchemeDesignator="Beaulieu" codingSchemeVersion="1.0"/>
         <AllowedTerm codeValue="81" codeMeaning="81" codingSchemeDesignator="Beaulieu" codingSchemeVersion="1.0"/>
         <AllowedTerm codeValue="82" codeMeaning="82" codingSchemeDesignator="Beaulieu" codingSchemeVersion="1.0"/>
         <AllowedTerm codeValue="83" codeMeaning="83" codingSchemeDesignator="Beaulieu" codingSchemeVersion="1.0"/>
         <AllowedTerm codeValue="84" codeMeaning="84" codingSchemeDesignator="Beaulieu" codingSchemeVersion="1.0"/>
         <AllowedTerm codeValue="85" codeMeaning="85" codingSchemeDesignator="Beaulieu" codingSchemeVersion="1.0"/>
         <AllowedTerm codeValue="86" codeMeaning="86" codingSchemeDesignator="Beaulieu" codingSchemeVersion="1.0"/>
         <AllowedTerm codeValue="87" codeMeaning="87" codingSchemeDesignator="Beaulieu" codingSchemeVersion="1.0"/>
         <AllowedTerm codeValue="88" codeMeaning="88" codingSchemeDesignator="Beaulieu" codingSchemeVersion="1.0"/>
         <AllowedTerm codeValue="89" codeMeaning="89" codingSchemeDesignator="Beaulieu" codingSchemeVersion="1.0"/>
         <AllowedTerm codeValue="90" codeMeaning="90" codingSchemeDesignator="Beaulieu" codingSchemeVersion="1.0"/>
         <AllowedTerm codeValue="91" codeMeaning="91" codingSchemeDesignator="Beaulieu" codingSchemeVersion="1.0"/>
         <AllowedTerm codeValue="92" codeMeaning="92" codingSchemeDesignator="Beaulieu" codingSchemeVersion="1.0"/>
         <AllowedTerm codeValue="93" codeMeaning="93" codingSchemeDesignator="Beaulieu" codingSchemeVersion="1.0"/>
         <AllowedTerm codeValue="94" codeMeaning="94" codingSchemeDesignator="Beaulieu" codingSchemeVersion="1.0"/>
         <AllowedTerm codeValue="95" codeMeaning="95" codingSchemeDesignator="Beaulieu" codingSchemeVersion="1.0"/>
         <AllowedTerm codeValue="96" codeMeaning="96" codingSchemeDesignator="Beaulieu" codingSchemeVersion="1.0"/>
         <AllowedTerm codeValue="97" codeMeaning="97" codingSchemeDesignator="Beaulieu" codingSchemeVersion="1.0"/>
         <AllowedTerm codeValue="98" codeMeaning="98" codingSchemeDesignator="Beaulieu" codingSchemeVersion="1.0"/>
         <AllowedTerm codeValue="99" codeMeaning="99" codingSchemeDesignator="Beaulieu" codingSchemeVersion="1.0"/>
      </Component>
      <Component label="Gender" itemNumber="17" authors="Default User" explanatoryText="" minCardinality="1" maxCardinality="1" shouldDisplay="true" groupLabel="" id="2.25.288489975313305959075443680572965126506">
         <ImagingObservation annotatorConfidence="false"/>
         <AllowedTerm codeValue="RID5654" codeMeaning="female" codingSchemeDesignator="RadLex" codingSchemeVersion="1.0"/>
         <AllowedTerm codeValue="RID5653" codeMeaning="male" codingSchemeDesignator="RadLex" codingSchemeVersion="1.0"/>
         <AllowedTerm codeValue="RID5655" codeMeaning="unknown" codingSchemeDesignator="RadLex" codingSchemeVersion="1.0"/>
      </Component>
      <Component label="Default Answer Trigger" itemNumber="18" authors="Default User" explanatoryText="to set other entries to default below this entry" minCardinality="1" maxCardinality="1" shouldDisplay="true" groupLabel="" id="2.25.337184876051847927518936629121652075343">
         <ImagingObservation annotatorConfidence="false"/>
         <AllowedTerm codeValue="BT10065" codeMeaning="none - skip ahead" codingSchemeDesignator="Bone Tumor Terms" codingSchemeVersion="1.0" noMoreQuestions="true"/>
         <AllowedTerm codeValue="BT10066" codeMeaning="some - flag default answers" codingSchemeDesignator="Bone Tumor Terms" codingSchemeVersion="1.0"/>
      </Component>
      <Component label="Radiographic Projection" itemNumber="19" authors="Default User" explanatoryText="" minCardinality="1" maxCardinality="1" shouldDisplay="true" groupLabel="" id="2.25.97741432008563016588483907310901025411">
         <ImagingObservation annotatorConfidence="false"/>
         <AllowedTerm codeValue="RID10521" codeMeaning="frontal projection" codingSchemeDesignator="RadLex" codingSchemeVersion="1.0" defaultAnswer="true"/>
         <AllowedTerm codeValue="RID10528" codeMeaning="oblique projection" codingSchemeDesignator="RadLex" codingSchemeVersion="1.0"/>
         <AllowedTerm codeValue="RID10523" codeMeaning="lateral projection" codingSchemeDesignator="RadLex" codingSchemeVersion="1.0"/>
      </Component>
      <Component label="Skeletal Maturity" itemNumber="20" authors="Default User" explanatoryText="" minCardinality="1" maxCardinality="1" shouldDisplay="true" groupLabel="" id="2.25.265229673023698653806148676505063094622">
         <ImagingObservation annotatorConfidence="false"/>
         <AllowedTerm codeValue="BT10021" codeMeaning="closed physis" codingSchemeDesignator="Bone Tumor Terms" codingSchemeVersion="1.0" defaultAnswer="true"/>
         <AllowedTerm codeValue="BT10022" codeMeaning="open physis" codingSchemeDesignator="Bone Tumor Terms" codingSchemeVersion="1.0"/>
      </Component>
      <Component label="Number of Lesions" itemNumber="21" authors="Default User" explanatoryText="" minCardinality="1" maxCardinality="1" shouldDisplay="true" groupLabel="" id="2.25.33389255798672072385608586026871031430">
         <ImagingObservation annotatorConfidence="false"/>
         <AllowedTerm codeValue="RID43312" codeMeaning="solitary lesion" codingSchemeDesignator="RadLex" codingSchemeVersion="1.0" defaultAnswer="true"/>
         <AllowedTerm codeValue="RID43314" codeMeaning="multiple lesions" codingSchemeDesignator="RadLex" codingSchemeVersion="1.0"/>
         <AllowedTerm codeValue="RID5701" codeMeaning="diffuse" codingSchemeDesignator="RadLex" codingSchemeVersion="1.0"/>
      </Component>
      <Component label="Expansion" itemNumber="22" authors="Default User" explanatoryText="" minCardinality="1" maxCardinality="1" shouldDisplay="true" groupLabel="" id="2.25.4719887004045351096951497180306824595">
         <ImagingObservation annotatorConfidence="false"/>
         <AllowedTerm codeValue="BT10020" codeMeaning="nonexpansile" codingSchemeDesignator="Bone Tumor Terms" codingSchemeVersion="1.0" defaultAnswer="true"/>
         <AllowedTerm codeValue="RID5682" codeMeaning="expansile" codingSchemeDesignator="RadLex" codingSchemeVersion="1.0"/>
      </Component>
      <Component label="Soft Tissue Mass" itemNumber="23" authors="Default User" explanatoryText="" minCardinality="1" maxCardinality="1" shouldDisplay="true" groupLabel="" id="2.25.121732821011254109299521056340217692746">
         <ImagingObservation annotatorConfidence="false"/>
         <AllowedTerm codeValue="BT10026" codeMeaning="no soft tissue mass" codingSchemeDesignator="Bone Tumor Terms" codingSchemeVersion="1.0" defaultAnswer="true"/>
         <AllowedTerm codeValue="BT10027" codeMeaning="soft tissue mass" codingSchemeDesignator="Bone Tumor Terms" codingSchemeVersion="1.0"/>
      </Component>
      <Component label="Pathologic Fracture" itemNumber="24" authors="Default User" explanatoryText="" minCardinality="1" maxCardinality="1" shouldDisplay="true" groupLabel="" id="2.25.166069257346762368135816929225775779624">
         <ImagingObservation annotatorConfidence="false"/>
         <AllowedTerm codeValue="RID28475" codeMeaning="no" codingSchemeDesignator="RadLex" codingSchemeVersion="1.0" defaultAnswer="true"/>
         <AllowedTerm codeValue="RID28474" codeMeaning="yes" codingSchemeDesignator="RadLex" codingSchemeVersion="1.0"/>
      </Component>
      <Component label="Sequestrum" itemNumber="25" authors="Default User" explanatoryText="" minCardinality="1" maxCardinality="1" shouldDisplay="true" groupLabel="" id="2.25.166069257346762368135816929225775779624">
         <ImagingObservation annotatorConfidence="false"/>
         <AllowedTerm codeValue="RID28475" codeMeaning="no" codingSchemeDesignator="RadLex" codingSchemeVersion="1.0" defaultAnswer="true"/>
         <AllowedTerm codeValue="RID28474" codeMeaning="yes" codingSchemeDesignator="RadLex" codingSchemeVersion="1.0"/>
      </Component>
      <Component label="Quality for Quantitative Analysis" itemNumber="26" authors="Default User" explanatoryText="whether or not a case is good for quantitative metrics" minCardinality="1" maxCardinality="1" shouldDisplay="true" groupLabel="" id="2.25.220256736152289353956286998581507161623">
         <ImagingObservation annotatorConfidence="false"/>
         <AllowedTerm codeValue="BT10040" codeMeaning="quality 1 - good for quantitation" codingSchemeDesignator="Bone Tumor Terms" codingSchemeVersion="1.0" defaultAnswer="true"/>
         <AllowedTerm codeValue="BT10041" codeMeaning="quality 2 - fair for quantitation" codingSchemeDesignator="Bone Tumor Terms" codingSchemeVersion="1.0"/>
         <AllowedTerm codeValue="BT10043" codeMeaning="quality 3 - poor for quantitation" codingSchemeDesignator="Bone Tumor Terms" codingSchemeVersion="1.0"/>
      </Component>
      <Component label="Source of Case Material" itemNumber="27" authors="Default User" explanatoryText="" minCardinality="1" maxCardinality="1" shouldDisplay="true" groupLabel="" id="2.25.320401219050488997713237450211802911244">
         <ImagingObservation annotatorConfidence="false"/>
         <AllowedTerm codeValue="BT10033" codeMeaning="Henry Jones Collection (digitized)" codingSchemeDesignator="Bone Tumor Terms" codingSchemeVersion="1.0" defaultAnswer="true"/>
         <AllowedTerm codeValue="BT10034" codeMeaning="Stanford PACS" codingSchemeDesignator="Bone Tumor Terms" codingSchemeVersion="1.0"/>
         <AllowedTerm codeValue="BT10035" codeMeaning="Palo Alto VA Medical Center" codingSchemeDesignator="Bone Tumor Terms" codingSchemeVersion="1.0"/>
         <AllowedTerm codeValue="BT10036" codeMeaning="Outside Institution 1" codingSchemeDesignator="Bone Tumor Terms" codingSchemeVersion="1.0"/>
         <AllowedTerm codeValue="BT10037" codeMeaning="Outside Institution 2" codingSchemeDesignator="Bone Tumor Terms" codingSchemeVersion="1.0"/>
         <AllowedTerm codeValue="BT10038" codeMeaning="Outside Institution 3" codingSchemeDesignator="Bone Tumor Terms" codingSchemeVersion="1.0"/>
         <AllowedTerm codeValue="BT10039" codeMeaning="Outside Institution 4" codingSchemeDesignator="Bone Tumor Terms" codingSchemeVersion="1.0"/>
      </Component>
   </Template>
</TemplateContainer>
