<?xml version="1.0" encoding="UTF-8"?>
<TemplateContainer uid="2.25.292461366878279827312443839278593281416" name="HGG" authors="Mike Iv" version="2.0" creationDate="2015-03-31" description="Semantic terms for pediatric HGGs" xsi:schemaLocation="gme://caCORE.caCORE/3.2/edu.northwestern.radiology.AIMTemplate AIMTemplate_v2rv13.xsd" xmlns="gme://caCORE.caCORE/3.2/edu.northwestern.radiology.AIMTemplate" xmlns:xsi="http://www.w3.org/2001/XMLSchema-instance">
   <Template uid="2.25.35555502409557334406164235032149491993" name="HGG_v2" authors="Default User" version="1.0" creationDate="2015-03-31" description="Semantic terms for pediatric HGGs" codeMeaning="Glioblastoma" codeValue="01" codingSchemeDesignator="GBM" codingSchemeVersion="1.0">
      <Component label="Tumor" itemNumber="0" authors="" explanatoryText="" minCardinality="1" maxCardinality="1" shouldDisplay="true" groupLabel="" id="2.25.204692226805273335967159439601030917067">
         <ImagingObservation annotatorConfidence="false">
            <ImagingObservationCharacteristic label="Tumor Center" itemNumber="0" authors="Mike Iv" explanatoryText="Location of tumor center" minCardinality="1" maxCardinality="1" shouldDisplay="true" groupLabel="" id="2.25.17583250072459671737254011229002212043" annotatorConfidence="false">
               <AllowedTerm codeValue="01" codeMeaning="Frontal" codingSchemeDesignator="GBM" codingSchemeVersion=""/>
               <AllowedTerm codeValue="02" codeMeaning="Temporal" codingSchemeDesignator="GBM" codingSchemeVersion=""/>
               <AllowedTerm codeValue="03" codeMeaning="Insular" codingSchemeDesignator="GBM" codingSchemeVersion=""/>
               <AllowedTerm codeValue="04" codeMeaning="Parietal" codingSchemeDesignator="GBM" codingSchemeVersion=""/>
               <AllowedTerm codeValue="05" codeMeaning="Occipital" codingSchemeDesignator="GBM" codingSchemeVersion=""/>
               <AllowedTerm codeValue="06" codeMeaning="Cerebellar" codingSchemeDesignator="GBM" codingSchemeVersion=""/>
               <AllowedTerm codeValue="07" codeMeaning="Brainstem" codingSchemeDesignator="GBM" codingSchemeVersion=""/>
            </ImagingObservationCharacteristic>
            <ImagingObservationCharacteristic label="Side of Tumor Center" itemNumber="1" authors="Mike Iv" explanatoryText="Side of tumor center" minCardinality="1" maxCardinality="1" shouldDisplay="true" groupLabel="" id="2.25.86151012391565077938841230233548504092" annotatorConfidence="false">
               <AllowedTerm codeValue="08" codeMeaning="Right" codingSchemeDesignator="GBM" codingSchemeVersion=""/>
               <AllowedTerm codeValue="10" codeMeaning="Midline" codingSchemeDesignator="GBM" codingSchemeVersion=""/>
               <AllowedTerm codeValue="09" codeMeaning="Left" codingSchemeDesignator="GBM" codingSchemeVersion=""/>
            </ImagingObservationCharacteristic>
            <ImagingObservationCharacteristic label="Necrosis or cysts" itemNumber="2" authors="Default User" explanatoryText="" minCardinality="1" maxCardinality="1" shouldDisplay="true" groupLabel="" id="2.25.75616177333377176094332056481951357617" annotatorConfidence="false">
               <AllowedTerm codeValue="11" codeMeaning="No" codingSchemeDesignator="GBM" codingSchemeVersion=""/>
               <AllowedTerm codeValue="12" codeMeaning="Yes" codingSchemeDesignator="GBM" codingSchemeVersion=""/>
            </ImagingObservationCharacteristic>
            <ImagingObservationCharacteristic label="Multifocal?" itemNumber="3" authors="Default User" explanatoryText="" minCardinality="1" maxCardinality="1" shouldDisplay="true" groupLabel="" id="2.25.211059636739945103537763509004325876780" annotatorConfidence="false">
               <AllowedTerm codeValue="13" codeMeaning="Solitary" codingSchemeDesignator="GBM" codingSchemeVersion=""/>
               <AllowedTerm codeValue="14" codeMeaning="Multifocal" codingSchemeDesignator="GBM" codingSchemeVersion=""/>
               <AllowedTerm codeValue="15" codeMeaning="Gliomatosis" codingSchemeDesignator="GBM" codingSchemeVersion=""/>
            </ImagingObservationCharacteristic>
            <ImagingObservationCharacteristic label="Definition of enhancing margin" itemNumber="4" authors="Default User" explanatoryText="" minCardinality="1" maxCardinality="1" shouldDisplay="true" groupLabel="" id="2.25.2525942748026323346937680437486930100" annotatorConfidence="false">
               <AllowedTerm codeValue="16" codeMeaning="Well-defined" codingSchemeDesignator="GBM" codingSchemeVersion=""/>
               <AllowedTerm codeValue="17" codeMeaning="Poorly defined" codingSchemeDesignator="GBM" codingSchemeVersion=""/>
               <AllowedTerm codeValue="18" codeMeaning="Mixed" codingSchemeDesignator="GBM" codingSchemeVersion=""/>
            </ImagingObservationCharacteristic>
            <ImagingObservationCharacteristic label="Definition of non-enhancing margin" itemNumber="5" authors="Default User" explanatoryText="" minCardinality="1" maxCardinality="1" shouldDisplay="true" groupLabel="" id="2.25.204177506167972713951865230703452270351" annotatorConfidence="false">
               <AllowedTerm codeValue="16" codeMeaning="Well-defined" codingSchemeDesignator="GBM" codingSchemeVersion=""/>
               <AllowedTerm codeValue="17" codeMeaning="Poorly defined" codingSchemeDesignator="GBM" codingSchemeVersion=""/>
               <AllowedTerm codeValue="18" codeMeaning="Mixed" codingSchemeDesignator="GBM" codingSchemeVersion=""/>
            </ImagingObservationCharacteristic>
            <ImagingObservationCharacteristic label="Hemorrhage" itemNumber="6" authors="Default User" explanatoryText="" minCardinality="1" maxCardinality="1" shouldDisplay="true" groupLabel="" id="2.25.168940394339575711696652619289491096501" annotatorConfidence="false">
               <AllowedTerm codeValue="11" codeMeaning="No" codingSchemeDesignator="GBM" codingSchemeVersion=""/>
               <AllowedTerm codeValue="12" codeMeaning="Yes" codingSchemeDesignator="GBM" codingSchemeVersion=""/>
            </ImagingObservationCharacteristic>
            <ImagingObservationCharacteristic label="Pial invasion/leptomeningeal spread" itemNumber="7" authors="Default User" explanatoryText="" minCardinality="1" maxCardinality="1" shouldDisplay="true" groupLabel="" id="2.25.260621351255732148376608304767088165553" annotatorConfidence="false">
               <AllowedTerm codeValue="11" codeMeaning="No" codingSchemeDesignator="GBM" codingSchemeVersion=""/>
               <AllowedTerm codeValue="12" codeMeaning="Yes" codingSchemeDesignator="GBM" codingSchemeVersion=""/>
            </ImagingObservationCharacteristic>
            <ImagingObservationCharacteristic label="Dural contact or invasion" itemNumber="8" authors="Default User" explanatoryText="" minCardinality="1" maxCardinality="1" shouldDisplay="true" groupLabel="" id="2.25.126367460354275764333933724343508812656" annotatorConfidence="false">
               <AllowedTerm codeValue="11" codeMeaning="No" codingSchemeDesignator="GBM" codingSchemeVersion=""/>
               <AllowedTerm codeValue="12" codeMeaning="Yes" codingSchemeDesignator="GBM" codingSchemeVersion=""/>
            </ImagingObservationCharacteristic>
            <ImagingObservationCharacteristic label="Ependymal contact or invasion" itemNumber="9" authors="Default User" explanatoryText="" minCardinality="1" maxCardinality="1" shouldDisplay="true" groupLabel="" id="2.25.272788417479384429049325051899515343300" annotatorConfidence="false">
               <AllowedTerm codeValue="11" codeMeaning="No" codingSchemeDesignator="GBM" codingSchemeVersion=""/>
               <AllowedTerm codeValue="12" codeMeaning="Yes" codingSchemeDesignator="GBM" codingSchemeVersion=""/>
            </ImagingObservationCharacteristic>
            <ImagingObservationCharacteristic label="Cortical involvement" itemNumber="10" authors="Default User" explanatoryText="" minCardinality="1" maxCardinality="1" shouldDisplay="true" groupLabel="" id="2.25.297458053817299542885758289892326561125" annotatorConfidence="false">
               <AllowedTerm codeValue="11" codeMeaning="No" codingSchemeDesignator="GBM" codingSchemeVersion=""/>
               <AllowedTerm codeValue="12" codeMeaning="Yes" codingSchemeDesignator="GBM" codingSchemeVersion=""/>
            </ImagingObservationCharacteristic>
            <ImagingObservationCharacteristic label="Deep white matter invasion" itemNumber="11" authors="Default User" explanatoryText="Including internal capsule, brainstem, corpus callosum" minCardinality="1" maxCardinality="1" shouldDisplay="true" groupLabel="" id="2.25.240854165636317216145546949446921129940" annotatorConfidence="false">
               <AllowedTerm codeValue="11" codeMeaning="No" codingSchemeDesignator="GBM" codingSchemeVersion=""/>
               <AllowedTerm codeValue="12" codeMeaning="Yes" codingSchemeDesignator="GBM" codingSchemeVersion=""/>
            </ImagingObservationCharacteristic>
            <ImagingObservationCharacteristic label="Any tumor crosses midline" itemNumber="12" authors="Default User" explanatoryText="" minCardinality="1" maxCardinality="1" shouldDisplay="true" groupLabel="" id="2.25.38126204114941755587541017884225024862" annotatorConfidence="false">
               <AllowedTerm codeValue="11" codeMeaning="No" codingSchemeDesignator="GBM" codingSchemeVersion=""/>
               <AllowedTerm codeValue="12" codeMeaning="Yes" codingSchemeDesignator="GBM" codingSchemeVersion=""/>
            </ImagingObservationCharacteristic>
            <ImagingObservationCharacteristic label="Satellite lesions" itemNumber="13" authors="Default User" explanatoryText="" minCardinality="1" maxCardinality="1" shouldDisplay="true" groupLabel="" id="2.25.16236420866833726716143422280886880552" annotatorConfidence="false">
               <AllowedTerm codeValue="11" codeMeaning="No" codingSchemeDesignator="GBM" codingSchemeVersion=""/>
               <AllowedTerm codeValue="12" codeMeaning="Yes" codingSchemeDesignator="GBM" codingSchemeVersion=""/>
            </ImagingObservationCharacteristic>
         </ImagingObservation>
         <AllowedTerm codeValue="01" codeMeaning="High grade glioma" codingSchemeDesignator="GBM" codingSchemeVersion="1.0" defaultAnswer="true"/>
      </Component>
   </Template>
</TemplateContainer>