<?xml version="1.0" encoding="UTF-8"?>
<TemplateContainer uid="2.25.262327926267685184074584276827607514851" name="Active Liver Template" authors="Default User" version="Active Liver 16" creationDate="2013-08-15" description="Current liver template" xsi:schemaLocation="gme://caCORE.caCORE/3.2/edu.northwestern.radiology.AIMTemplate AIMTemplate_v2rv13.xsd" xmlns="gme://caCORE.caCORE/3.2/edu.northwestern.radiology.AIMTemplate" xmlns:xsi="http://www.w3.org/2001/XMLSchema-instance">
   <Template uid="2.25.143518070104148940884779125624652210206" name="Active Liver Template Beaulieu" authors="cfbeaulieu" version="18" creationDate="2013-02-10" description="Liver template.v18" codeMeaning="liver15" codeValue="RID58-2" codingSchemeDesignator="RadLex" codingSchemeVersion="1.0">
      <Component label="Lobar Location" itemNumber="1" authors="cfbeaulieu" explanatoryText="Which hepatic lobe does the lesion mainly occupy?" minCardinality="1" maxCardinality="1" shouldDisplay="true" groupLabel="" id="2.25.1800391920089.536979722668.204033480007">
         <AnatomicEntity annotatorConfidence="false"/>
         <AllowedTerm codeValue="RID58" codeMeaning="liver" codingSchemeDesignator="RadLex" codingSchemeVersion="1.0"/>
         <AllowedTerm codeValue="RID74" codeMeaning="right lobe of liver" codingSchemeDesignator="RadLex" codingSchemeVersion="1.0"/>
         <AllowedTerm codeValue="RID69" codeMeaning="left lobe of liver" codingSchemeDesignator="RadLex" codingSchemeVersion="1.0"/>
         <AllowedTerm codeValue="RID77" codeMeaning="caudate lobe of liver" codingSchemeDesignator="Alan" codingSchemeVersion="1.0"/>
         <AllowedTerm codeValue="RID75" codeMeaning="anterior segment of right lobe of liver" codingSchemeDesignator="RadLex" codingSchemeVersion="1.0"/>
         <AllowedTerm codeValue="RID76" codeMeaning="posterior segment of right lobe of liver" codingSchemeDesignator="RadLex" codingSchemeVersion="1.0"/>
         <AllowedTerm codeValue="RID70" codeMeaning="lateral segment of left lobe of liver" codingSchemeDesignator="RadLex" codingSchemeVersion="1.0"/>
         <AllowedTerm codeValue="RID71" codeMeaning="medial segment of left lobe of liver" codingSchemeDesignator="RadLex" codingSchemeVersion="1.0"/>
      </Component>
      <Component label="Segmental Location" itemNumber="2" authors="cfbeaulieu" explanatoryText="Which hepatic segments does the annotated lesion mainly occupy?  Up to 2 choices for bridging lesions." minCardinality="1" maxCardinality="2" shouldDisplay="true" groupLabel="" id="2.25.1800391920324.536979722903.204033480052">
         <AnatomicEntity annotatorConfidence="false"/>
         <AllowedTerm codeValue="RID62" codeMeaning="hepatovenous segment II" codingSchemeDesignator="RadLex" codingSchemeVersion="1.0"/>
         <AllowedTerm codeValue="RID63" codeMeaning="hepatovenous segment III" codingSchemeDesignator="RadLex" codingSchemeVersion="1.0"/>
         <AllowedTerm codeValue="RID13115" codeMeaning="hepatovenous segment IVa" codingSchemeDesignator="RadLex" codingSchemeVersion="1.0"/>
         <AllowedTerm codeValue="RID13116" codeMeaning="hepatovenous segment IVb" codingSchemeDesignator="RadLex" codingSchemeVersion="1.0"/>
         <AllowedTerm codeValue="RID65" codeMeaning="hepatovenous segment V" codingSchemeDesignator="RadLex" codingSchemeVersion="1.0"/>
         <AllowedTerm codeValue="RID66" codeMeaning="hepatovenous segment VI" codingSchemeDesignator="RadLex" codingSchemeVersion="1.0"/>
         <AllowedTerm codeValue="RID67" codeMeaning="hepatovenous segment VII" codingSchemeDesignator="RadLex" codingSchemeVersion="1.0"/>
         <AllowedTerm codeValue="RID68" codeMeaning="hepatovenous segment VIII" codingSchemeDesignator="RadLex" codingSchemeVersion="1.0"/>
         <AllowedTerm codeValue="RID29230" codeMeaning="hepatovenous segment IX" codingSchemeDesignator="RadLex" codingSchemeVersion="1.0"/>
      </Component>
      <Component label="Lesion Type" itemNumber="3" authors="cfbeaulieu" explanatoryText="Mass, normal, or geographic alteration? Almost all annotations will be for a mass." minCardinality="1" maxCardinality="1" shouldDisplay="true" groupLabel="" id="2.25.1800391920560.536979723139.204033480097">
         <ImagingObservation annotatorConfidence="false">
            <ImagingObservationCharacteristic label="Diagnosis" itemNumber="0" authors="cfbeaulieu" explanatoryText="What is the etiology of the lesion or its presumed etiology?" minCardinality="1" maxCardinality="1" shouldDisplay="true" groupLabel="" id="2.25.1800391920798.536979723377.204033480142" annotatorConfidence="false">
               <AllowedTerm codeValue="RID3711" codeMeaning="abscess" codingSchemeDesignator="RadLex" codingSchemeVersion="1.0"/>
               <AllowedTerm codeValue="RID3989" codeMeaning="angiosarcoma" codingSchemeDesignator="RadLex" codingSchemeVersion="1.0"/>
               <AllowedTerm codeValue="RID4266" codeMeaning="cholangiocarcinoma" codingSchemeDesignator="RadLex" codingSchemeVersion="1.0"/>
               <AllowedTerm codeValue="RID3896" codeMeaning="choledochal cyst" codingSchemeDesignator="RadLex" codingSchemeVersion="1.0"/>
               <AllowedTerm codeValue="RID3890" codeMeaning="cyst" codingSchemeDesignator="RadLex" codingSchemeVersion="1.0"/>
               <AllowedTerm codeValue="RID4150" codeMeaning="cystadenoma" codingSchemeDesignator="RadLex" codingSchemeVersion="1.0"/>
               <AllowedTerm codeValue="RID4153" codeMeaning="cystadenocarcinoma" codingSchemeDesignator="RadLex" codingSchemeVersion="1.0"/>
               <AllowedTerm codeValue="RID4273" codeMeaning="fibrolamellar hepatocellular carcinoma" codingSchemeDesignator="RadLex" codingSchemeVersion="1.0"/>
               <AllowedTerm codeValue="RID3778" codeMeaning="focal nodular hyperplasia" codingSchemeDesignator="RadLex" codingSchemeVersion="1.0"/>
               <AllowedTerm codeValue="RID45672" codeMeaning="fungal microabscess" codingSchemeDesignator="ISIS_LIVER" codingSchemeVersion=""/>
               <AllowedTerm codeValue="RID4335" codeMeaning="hamartoma" codingSchemeDesignator="RadLex" codingSchemeVersion="1.0"/>
               <AllowedTerm codeValue="RID4705" codeMeaning="hematoma" codingSchemeDesignator="RadLex" codingSchemeVersion="1.0"/>
               <AllowedTerm codeValue="RID3969" codeMeaning="hemangioma" codingSchemeDesignator="RadLex" codingSchemeVersion="1.0"/>
               <AllowedTerm codeValue="RID4530" codeMeaning="hepatoblastoma" codingSchemeDesignator="RadLex" codingSchemeVersion="1.0"/>
               <AllowedTerm codeValue="RID4215" codeMeaning="hepatocellular adenoma" codingSchemeDesignator="RadLex" codingSchemeVersion="1.0"/>
               <AllowedTerm codeValue="RID4271" codeMeaning="hepatocellular carcinoma" codingSchemeDesignator="RadLex" codingSchemeVersion="1.0"/>
               <AllowedTerm codeValue="RID34798" codeMeaning="hyatid cyst" codingSchemeDesignator="RadLex" codingSchemeVersion="1.0"/>
               <AllowedTerm codeValue="RID4734" codeMeaning="laceration" codingSchemeDesignator="RadLex" codingSchemeVersion="1.0"/>
               <AllowedTerm codeValue="RID5231" codeMeaning="metastasis" codingSchemeDesignator="RadLex" codingSchemeVersion="1.0"/>
               <AllowedTerm codeValue="RID3879" codeMeaning="regenerative nodule" codingSchemeDesignator="RadLex" codingSchemeVersion="1.0"/>
               <AllowedTerm codeValue="RID5217" codeMeaning="steatosis" codingSchemeDesignator="RadLex" codingSchemeVersion="1.0"/>
            </ImagingObservationCharacteristic>
            <ImagingObservationCharacteristic label="Imaging Phase" itemNumber="1" authors="cfbeaulieu" explanatoryText="What is the phase of intravenous contrast enhancement, or is it a noncontrast scan?" minCardinality="1" maxCardinality="1" shouldDisplay="true" groupLabel="" id="2.25.1800391921038.536979723617.204033480187" annotatorConfidence="false">
               <AllowedTerm codeValue="RID11082" codeMeaning="early arterial phase" codingSchemeDesignator="RadLex" codingSchemeVersion="1.0"/>
               <AllowedTerm codeValue="RID39127" codeMeaning="late arterial phase" codingSchemeDesignator="RadLex" codingSchemeVersion="1.0"/>
               <AllowedTerm codeValue="RID11085" codeMeaning="portal venous phase" codingSchemeDesignator="RadLex" codingSchemeVersion="1.0"/>
               <AllowedTerm codeValue="RID11086" codeMeaning="unenhanced phase" codingSchemeDesignator="RadLex" codingSchemeVersion="1.0"/>
               <AllowedTerm codeValue="RID39315" codeMeaning="equilibrium phase" codingSchemeDesignator="RadLex" codingSchemeVersion="1.0"/>
               <AllowedTerm codeValue="RID39437" codeMeaning="delayed phase (liver)" codingSchemeDesignator="RadLex" codingSchemeVersion="1.0"/>
            </ImagingObservationCharacteristic>
            <ImagingObservationCharacteristic label="Focality of Lesion" itemNumber="2" authors="cfbeaulieu" explanatoryText="How many lesions with a given diagnosis? Are there also more complex distribution patterns?  Up to 2 responses." minCardinality="1" maxCardinality="2" shouldDisplay="true" groupLabel="" id="2.25.1800391921279.536979723858.204033480232" annotatorConfidence="false">
               <AllowedTerm codeValue="RID43312" codeMeaning="solitary lesion" codingSchemeDesignator="RadLex" codingSchemeVersion="1.0"/>
               <AllowedTerm codeValue="RID43314" codeMeaning="multiple lesions 1-5" codingSchemeDesignator="RadLex" codingSchemeVersion="1.0"/>
               <AllowedTerm codeValue="RID43315" codeMeaning="multiple lesions 6-10" codingSchemeDesignator="RadLex" codingSchemeVersion="1.0"/>
               <AllowedTerm codeValue="RID43316" codeMeaning="multiple lesions &gt;10" codingSchemeDesignator="RadLex" codingSchemeVersion="1.0"/>
               <AllowedTerm codeValue="RID43317" codeMeaning="satellite lesions present" codingSchemeDesignator="RadLex" codingSchemeVersion="1.0"/>
               <AllowedTerm codeValue="RID5699" codeMeaning="coalescent" codingSchemeDesignator="RadLex" codingSchemeVersion="1.0"/>
               <AllowedTerm codeValue="RID6282" codeMeaning="infiltrative" codingSchemeDesignator="RadLex" codingSchemeVersion="1.0"/>
               <AllowedTerm codeValue="RID5701" codeMeaning="diffuse" codingSchemeDesignator="RadLex" codingSchemeVersion="1.0"/>
            </ImagingObservationCharacteristic>
            <ImagingObservationCharacteristic label="Shape Descriptors" itemNumber="3" authors="cfbeaulieu" explanatoryText="What is the overall shape or shapes associated with the lesion?  Up to 3 responses." minCardinality="1" maxCardinality="3" shouldDisplay="true" groupLabel="" id="2.25.1800391921521.536979724100.204033480277" annotatorConfidence="false">
               <AllowedTerm codeValue="RID5799" codeMeaning="round" codingSchemeDesignator="RadLex" codingSchemeVersion="1.0"/>
               <AllowedTerm codeValue="RID5800" codeMeaning="oval" codingSchemeDesignator="RadLex" codingSchemeVersion="1.0"/>
               <AllowedTerm codeValue="RID5809" codeMeaning="irregular" codingSchemeDesignator="RadLex" codingSchemeVersion="1.0"/>
               <AllowedTerm codeValue="RID39133" codeMeaning="multilobulated" codingSchemeDesignator="RadLex" codingSchemeVersion="1.0"/>
               <AllowedTerm codeValue="RID5812" codeMeaning="wedge-shaped" codingSchemeDesignator="RadLex" codingSchemeVersion="1.0"/>
               <AllowedTerm codeValue="RID5811" codeMeaning="linear" codingSchemeDesignator="RadLex" codingSchemeVersion="1.0"/>
               <AllowedTerm codeValue="RID5902" codeMeaning="reticular" codingSchemeDesignator="RadLex" codingSchemeVersion="1.0"/>
               <AllowedTerm codeValue="RID5907" codeMeaning="septated" codingSchemeDesignator="RadLex" codingSchemeVersion="1.0"/>
            </ImagingObservationCharacteristic>
            <ImagingObservationCharacteristic label="Margin Boundary: Circumscribed to Indistinct" itemNumber="4" authors="cfbeaulieu" explanatoryText="How sharp is lesion boundary against normal liver?. Quantify from circumscribed (1) to indistinct (100)" minCardinality="1" maxCardinality="1" shouldDisplay="true" groupLabel="" id="2.25.1800391921764.536979724343.204033480322" annotatorConfidence="true">
               <AllowedTerm codeValue="RID5707" codeMeaning="circumscribed margin" codingSchemeDesignator="RadLex" codingSchemeVersion="1.0"/>
               <AllowedTerm codeValue="RID45665" codeMeaning="moderately well defined margin" codingSchemeDesignator="ISIS_LIVER" codingSchemeVersion="1.0"/>
               <AllowedTerm codeValue="RID45666" codeMeaning="neither well nor ill defined margin" codingSchemeDesignator="ISIS_LIVER" codingSchemeVersion="1.0"/>
               <AllowedTerm codeValue="RID45667" codeMeaning="moderately ill defined margin" codingSchemeDesignator="ISIS_LIVER" codingSchemeVersion="1.0"/>
               <AllowedTerm codeValue="RID5709" codeMeaning="indistinct margin" codingSchemeDesignator="RadLex" codingSchemeVersion="1.0"/>
            </ImagingObservationCharacteristic>
            <ImagingObservationCharacteristic label="Margin Contours: Smooth to Irregular" itemNumber="5" authors="cfbeaulieu" explanatoryText="How smooth or irregular is the outer lesion contour or boundary?  Do not confuse with border *defnition*.  Quantify from smooth (1) to irregular (100)" minCardinality="1" maxCardinality="1" shouldDisplay="true" groupLabel="" id="2.25.1800391922007.536979724586.204033480367" annotatorConfidence="true">
               <AllowedTerm codeValue="RID5714" codeMeaning="smooth margin" codingSchemeDesignator="ISIS_LIVER" codingSchemeVersion="1.0"/>
               <AllowedTerm codeValue="RID45668" codeMeaning="moderately smooth margin" codingSchemeDesignator="ISIS_LIVER" codingSchemeVersion="1.0"/>
               <AllowedTerm codeValue="RID45671" codeMeaning="neither smooth nor irregular margin" codingSchemeDesignator="ISIS_LIVER" codingSchemeVersion="1.0"/>
               <AllowedTerm codeValue="RID45670" codeMeaning="moderately irregular margin" codingSchemeDesignator="ISIS_LIVER" codingSchemeVersion="1.0"/>
               <AllowedTerm codeValue="RID5715" codeMeaning="irregular margin" codingSchemeDesignator="ISIS_LIVER" codingSchemeVersion="1.0"/>
            </ImagingObservationCharacteristic>
            <ImagingObservationCharacteristic label="Average Lesion Density: Hypo to Hyperdense" itemNumber="6" authors="cfbeaulieu" explanatoryText="Estimate the overall lesion density given all internal components.  For the current imaging phase only." minCardinality="1" maxCardinality="1" shouldDisplay="true" groupLabel="" id="2.25.1800391922251.536979724830.204033480412" annotatorConfidence="false">
               <AllowedTerm codeValue="RID6042" codeMeaning="hypodense" codingSchemeDesignator="RadLex" codingSchemeVersion="1.0"/>
               <AllowedTerm codeValue="RID45673" codeMeaning="iso to slightly hypodense" codingSchemeDesignator="ISIS_LIVER" codingSchemeVersion="1.0"/>
               <AllowedTerm codeValue="RID6043" codeMeaning="isodense" codingSchemeDesignator="RadLex" codingSchemeVersion="1.0"/>
               <AllowedTerm codeValue="RID45674" codeMeaning="iso to slightly hyperdense" codingSchemeDesignator="ISIS_LIVER" codingSchemeVersion="1.0"/>
               <AllowedTerm codeValue="RID6044" codeMeaning="hyperdense" codingSchemeDesignator="RadLex" codingSchemeVersion="1.0"/>
            </ImagingObservationCharacteristic>
            <ImagingObservationCharacteristic label="Density - Homogeneous or Heterogeneous" itemNumber="7" authors="cfbeaulieu" explanatoryText="Is the lesion uniform (homogeneous) or nonuniform (heterogeneous) internally?" minCardinality="1" maxCardinality="1" shouldDisplay="true" groupLabel="" id="2.25.1800391922496.536979725075.204033480457" annotatorConfidence="false">
               <AllowedTerm codeValue="RID6059" codeMeaning="homogeneous" codingSchemeDesignator="RadLex" codingSchemeVersion="1.0"/>
               <AllowedTerm codeValue="RID6060" codeMeaning="heterogeneous" codingSchemeDesignator="RadLex" codingSchemeVersion="1.0"/>
            </ImagingObservationCharacteristic>
            <ImagingObservationCharacteristic label="Enhancement" itemNumber="8" authors="cfbeaulieu" explanatoryText="Does the lesion enhance with intravenous contrast?" minCardinality="1" maxCardinality="1" shouldDisplay="true" groupLabel="" id="2.25.1800391922742.536979725321.204033480502" annotatorConfidence="false">
               <AllowedTerm codeValue="RID6056" codeMeaning="nonenhancing" codingSchemeDesignator="RadLex" codingSchemeVersion="1.0"/>
               <AllowedTerm codeValue="RID6055" codeMeaning="enhancing" codingSchemeDesignator="RadLex" codingSchemeVersion="1.0"/>
            </ImagingObservationCharacteristic>
            <ImagingObservationCharacteristic label="Enhancement Uniformity" itemNumber="9" authors="cfbeaulieu" explanatoryText="Only if enhancing, is the enhancement homogeneous or heterogeneous?" minCardinality="0" maxCardinality="1" shouldDisplay="true" groupLabel="" id="2.25.1800391922988.536979725567.204033480547" annotatorConfidence="false">
               <AllowedTerm codeValue="RID39563" codeMeaning="homogeneous enhancement" codingSchemeDesignator="RadLex" codingSchemeVersion="1.0"/>
               <AllowedTerm codeValue="RID39457" codeMeaning="heterogeneous enhancement" codingSchemeDesignator="RadLex" codingSchemeVersion="1.0"/>
            </ImagingObservationCharacteristic>
            <ImagingObservationCharacteristic label="Specific Enhancement Pattern(s)" itemNumber="10" authors="cfbeaulieu" explanatoryText="If enhancing, what pattern(s) are observed? Choose up to 3 features." minCardinality="0" maxCardinality="3" shouldDisplay="true" groupLabel="" id="2.25.1800391923235.536979725814.204033480592" annotatorConfidence="false">
               <AllowedTerm codeValue="RID34421" codeMeaning="homogeneous internal enhancement" codingSchemeDesignator="RadLex" codingSchemeVersion="1.0"/>
               <AllowedTerm codeValue="RID45722" codeMeaning="central hypodensity" codingSchemeDesignator="RadLex" codingSchemeVersion="1.0"/>
               <AllowedTerm codeValue="RID43320" codeMeaning="target enhancement" codingSchemeDesignator="RadLex" codingSchemeVersion="1.0"/>
               <AllowedTerm codeValue="RID43321" codeMeaning="mottled enhancement" codingSchemeDesignator="RadLex" codingSchemeVersion="1.0"/>
               <AllowedTerm codeValue="RID34311" codeMeaning="reticular enhancement" codingSchemeDesignator="RadLex" codingSchemeVersion="1.0"/>
               <AllowedTerm codeValue="RID43319" codeMeaning="peripheral discontinuous nodular enhancement" codingSchemeDesignator="RadLex" codingSchemeVersion="1.0"/>
               <AllowedTerm codeValue="RID43318" codeMeaning="peripheral continuous rim enhancement" codingSchemeDesignator="RadLex" codingSchemeVersion="1.0"/>
               <AllowedTerm codeValue="RID45692" codeMeaning="enhancing central scar" codingSchemeDesignator="ISIS_LIVER" codingSchemeVersion="1.0"/>
               <AllowedTerm codeValue="RID43326" codeMeaning="nonenhancing central scar" codingSchemeDesignator="RadLex" codingSchemeVersion="1.0"/>
               <AllowedTerm codeValue="RID43291" codeMeaning="incomplete rim" codingSchemeDesignator="RadLex" codingSchemeVersion="1.0"/>
               <AllowedTerm codeValue="RID43309" codeMeaning="thin rim" codingSchemeDesignator="RadLex" codingSchemeVersion="1.0"/>
               <AllowedTerm codeValue="RID43308" codeMeaning="thick rim" codingSchemeDesignator="RadLex" codingSchemeVersion="1.0"/>
            </ImagingObservationCharacteristic>
            <ImagingObservationCharacteristic label="Temporal Enhancement (if known)" itemNumber="11" authors="cfbeaulieu" explanatoryText="On multiphasic imaging, what happens to enhancement over time?" minCardinality="0" maxCardinality="1" shouldDisplay="true" groupLabel="" id="2.25.1800391923732.536979726311.204033480682" annotatorConfidence="false">
               <AllowedTerm codeValue="RID43338" codeMeaning="homogeneous retention" codingSchemeDesignator="RadLex" codingSchemeVersion="1.0"/>
               <AllowedTerm codeValue="RID43339" codeMeaning="homogeneous fade" codingSchemeDesignator="RadLex" codingSchemeVersion="1.0"/>
               <AllowedTerm codeValue="RID43323" codeMeaning="centripetal fill-in" codingSchemeDesignator="RadLex" codingSchemeVersion="1.0"/>
               <AllowedTerm codeValue="RID39486" codeMeaning="washout appearance" codingSchemeDesignator="RadLex" codingSchemeVersion="1.0"/>
            </ImagingObservationCharacteristic>
            <ImagingObservationCharacteristic label="Septation Thickness" itemNumber="12" authors="cfbeaulieu" explanatoryText="If septations are present, how thick are they?  Note &quot;septated&quot; may be included as a Shape Descriptor above." minCardinality="0" maxCardinality="1" shouldDisplay="true" groupLabel="" id="2.25.1800391923483.536979726062.204033480637" annotatorConfidence="false">
               <AllowedTerm codeValue="RID45676" codeMeaning="thick septae" codingSchemeDesignator="ISIS_LIVER" codingSchemeVersion="1.0"/>
               <AllowedTerm codeValue="RID45675" codeMeaning="thin septae" codingSchemeDesignator="ISIS_LIVER" codingSchemeVersion="1.0"/>
            </ImagingObservationCharacteristic>
            <ImagingObservationCharacteristic label="Perilesional Tissue" itemNumber="13" authors="cfbeaulieu" explanatoryText="Is the perilesional tissue normal, or is there a THAD or similar effect?" minCardinality="1" maxCardinality="1" shouldDisplay="true" groupLabel="" id="2.25.1800391923982.536979726561.204033480727" annotatorConfidence="false">
               <AllowedTerm codeValue="RID43300" codeMeaning="perilesional perfusion alteration" codingSchemeDesignator="RadLex" codingSchemeVersion="1.0"/>
               <AllowedTerm codeValue="RID43298" codeMeaning="normal perilesional tissue" codingSchemeDesignator="RadLex" codingSchemeVersion="1.0"/>
            </ImagingObservationCharacteristic>
            <ImagingObservationCharacteristic label="Special Features" itemNumber="14" authors="cfbeaulieu" explanatoryText="Is there calcification, necrosis, central scar or other special feature(s)?  Up to 3 responses." minCardinality="0" maxCardinality="3" shouldDisplay="true" groupLabel="" id="2.25.1800391924232.536979726811.204033480772" annotatorConfidence="false">
               <AllowedTerm codeValue="RID43346" codeMeaning="blood products (lesion)" codingSchemeDesignator="RadLex" codingSchemeVersion="1.0"/>
               <AllowedTerm codeValue="RID5196" codeMeaning="calcification" codingSchemeDesignator="RadLex" codingSchemeVersion="1.0"/>
               <AllowedTerm codeValue="RID43325" codeMeaning="central scar" codingSchemeDesignator="RadLex" codingSchemeVersion="1.0"/>
               <AllowedTerm codeValue="RID5750" codeMeaning="gas containing" codingSchemeDesignator="RadLex" codingSchemeVersion="1.0"/>
               <AllowedTerm codeValue="RID39463" codeMeaning="intralesional fat" codingSchemeDesignator="RadLex" codingSchemeVersion="1.0"/>
               <AllowedTerm codeValue="RID5171" codeMeaning="necrosis" codingSchemeDesignator="RadLex" codingSchemeVersion="1.0"/>
               <AllowedTerm codeValue="RID11598" codeMeaning="oil emulsion contrast" codingSchemeDesignator="RadLex" codingSchemeVersion="1.0"/>
               <AllowedTerm codeValue="RID39472" codeMeaning="parallels blood pool enhancement" codingSchemeDesignator="RadLex" codingSchemeVersion="1.0"/>
               <AllowedTerm codeValue="RID43324" codeMeaning="visible internal vessels" codingSchemeDesignator="RadLex" codingSchemeVersion="1.0"/>
            </ImagingObservationCharacteristic>
            <ImagingObservationCharacteristic label="Lesion Effects on Liver" itemNumber="15" authors="cfbeaulieu" explanatoryText="Choose up to 3 additional features about how the lesion affects the liver." minCardinality="0" maxCardinality="3" shouldDisplay="true" groupLabel="" id="2.25.1800391924483.536979727062.204033480817" annotatorConfidence="false">
               <AllowedTerm codeValue="RID43327" codeMeaning="abuts capsule of liver" codingSchemeDesignator="RadLex" codingSchemeVersion="1.0"/>
               <AllowedTerm codeValue="RID43329" codeMeaning="abuts hepatic vein" codingSchemeDesignator="RadLex" codingSchemeVersion="1.0"/>
               <AllowedTerm codeValue="RID43331" codeMeaning="abuts portal vein" codingSchemeDesignator="RadLex" codingSchemeVersion="1.0"/>
               <AllowedTerm codeValue="RID43295" codeMeaning="adjacent to gallbladder" codingSchemeDesignator="RadLex" codingSchemeVersion="1.0"/>
               <AllowedTerm codeValue="RID45678" codeMeaning="bland thrombus in portal vein" codingSchemeDesignator="ISIS_LIVER" codingSchemeVersion="1.0"/>
               <AllowedTerm codeValue="RID43328" codeMeaning="bulges capsule of liver" codingSchemeDesignator="RadLex" codingSchemeVersion="1.0"/>
               <AllowedTerm codeValue="RID45679" codeMeaning="obstructs biliary ducts" codingSchemeDesignator="ISIS_LIVER" codingSchemeVersion="1.0"/>
               <AllowedTerm codeValue="RID45680" codeMeaning="retracts capsule of liver" codingSchemeDesignator="ISIS_LIVER" codingSchemeVersion="1.0"/>
               <AllowedTerm codeValue="RID45681" codeMeaning="tumor thrombus in portal vein" codingSchemeDesignator="ISIS_LIVER" codingSchemeVersion="1.0"/>
            </ImagingObservationCharacteristic>
            <ImagingObservationCharacteristic label="Primary Malignancy if Metastatic Disease" itemNumber="16" authors="cfbeaulieu" explanatoryText="For lesions that are metastases, what is the primary?" minCardinality="1" maxCardinality="1" shouldDisplay="true" groupLabel="" id="2.25.1800391924735.536979727314.204033480862" annotatorConfidence="false">
               <AllowedTerm codeValue="RID28454" codeMeaning="none" codingSchemeDesignator="RadLex" codingSchemeVersion="1.0"/>
               <AllowedTerm codeValue="RID4227" codeMeaning="adenoid cystic carcinoma" codingSchemeDesignator="RadLex" codingSchemeVersion="1.0"/>
               <AllowedTerm codeValue="RID45682" codeMeaning="breast cancer" codingSchemeDesignator="RadLex" codingSchemeVersion="1.0"/>
               <AllowedTerm codeValue="RID45683" codeMeaning="cervical cancer" codingSchemeDesignator="ISIS_LIVER" codingSchemeVersion="1.0"/>
               <AllowedTerm codeValue="RID45684" codeMeaning="colorectal cancer" codingSchemeDesignator="ISIS_LIVER" codingSchemeVersion="1.0"/>
               <AllowedTerm codeValue="RID45685" codeMeaning="endometrial cancer" codingSchemeDesignator="ISIS_LIVER" codingSchemeVersion="1.0"/>
               <AllowedTerm codeValue="RID4251" codeMeaning="gastric carcinoma" codingSchemeDesignator="RadLex" codingSchemeVersion="1.0"/>
               <AllowedTerm codeValue="RID4551" codeMeaning="gastrointestinal stromal tumor" codingSchemeDesignator="RadLex" codingSchemeVersion="1.0"/>
               <AllowedTerm codeValue="RID45686" codeMeaning="lung cancer" codingSchemeDesignator="ISIS_LIVER" codingSchemeVersion="1.0"/>
               <AllowedTerm codeValue="RID4483" codeMeaning="neuroendocrine neoplasm" codingSchemeDesignator="RadLex" codingSchemeVersion="1.0"/>
               <AllowedTerm codeValue="RID45687" codeMeaning="ovarian cancer" codingSchemeDesignator="ISIS_LIVER" codingSchemeVersion="1.0"/>
               <AllowedTerm codeValue="RID45688" codeMeaning="pancreatic cancer" codingSchemeDesignator="ISIS_LIVER" codingSchemeVersion="1.0"/>
               <AllowedTerm codeValue="RID39181" codeMeaning="primary unknown or other" codingSchemeDesignator="ISIS_LIVER" codingSchemeVersion="1.0"/>
               <AllowedTerm codeValue="RID45689" codeMeaning="prostate cancer" codingSchemeDesignator="ISIS_LIVER" codingSchemeVersion="1.0"/>
               <AllowedTerm codeValue="RID4230" codeMeaning="renal adenocarcinoma" codingSchemeDesignator="RadLex" codingSchemeVersion="1.0"/>
               <AllowedTerm codeValue="RID4521" codeMeaning="sarcoma" codingSchemeDesignator="RadLex" codingSchemeVersion="1.0"/>
               <AllowedTerm codeValue="RID45690" codeMeaning="testicular cancer" codingSchemeDesignator="ISIS_LIVER" codingSchemeVersion="1.0"/>
               <AllowedTerm codeValue="RID45691" codeMeaning="thyroid cancer" codingSchemeDesignator="ISIS_LIVER" codingSchemeVersion="1.0"/>
               <AllowedTerm codeValue="RID4279" codeMeaning="transitional cell carcinoma" codingSchemeDesignator="RadLex" codingSchemeVersion="1.0"/>
            </ImagingObservationCharacteristic>
         </ImagingObservation>
         <AllowedTerm codeValue="RID39466" codeMeaning="liver mass" codingSchemeDesignator="RadLex" codingSchemeVersion="1.0"/>
      </Component>
      <Component label="Spline ROI" itemNumber="3" authors="Default User" explanatoryText="" minCardinality="1" maxCardinality="1" shouldDisplay="true" groupLabel="" id="2.25.260407454693500192885566124937158854189">
         <GeometricShape>Point</GeometricShape>
      </Component>
   </Template>
</TemplateContainer>