<?xml version="1.0" encoding="UTF-8"?>
<TemplateContainer uid="2.25.226786059025611331467166333882529892626" name="Lung Nodule V2" authors="Ann Leung and Deni Aberle" version="1.0" creationDate="2013-11-01" description="Template describing features of lung nodules" xsi:schemaLocation="gme://caCORE.caCORE/3.2/edu.northwestern.radiology.AIMTemplate AIMTemplate_v2rv13.xsd" xmlns="gme://caCORE.caCORE/3.2/edu.northwestern.radiology.AIMTemplate" xmlns:xsi="http://www.w3.org/2001/XMLSchema-instance">
   <Template uid="2.25.311771886067220576653079335404869365125" name="Lung Nodule Features V2" authors="Ann Leung, Deni Aberle, Daniel Rubin" version="1.0" creationDate="2013-10-31" description="Lung cancer tameplate for descibing lung cancers" modality="CT" precedingAnnotation="DoNotOffer" codeMeaning="Lung Template" codeValue="LT1" codingSchemeDesignator="LungTemplate" codingSchemeVersion="">
      <Component label="Anatomic Location" itemNumber="0" authors="Default User" explanatoryText="" minCardinality="1" maxCardinality="1" shouldDisplay="true" groupLabel="" id="2.25.140176464195137397956100227930935538072">
         <AnatomicEntity annotatorConfidence="false"/>
         <AllowedTerm codeValue="RID1303" codeMeaning="upper lobe of right lung" codingSchemeDesignator="RadLex" codingSchemeVersion="1.0"/>
         <AllowedTerm codeValue="RID1310" codeMeaning="middle lobe of right lung" codingSchemeDesignator="RadLex_3.9.1"/>
         <AllowedTerm codeValue="RID1315" codeMeaning="lower lobe of right lung" codingSchemeDesignator="RadLex_3.9.1"/>
         <AllowedTerm codeValue="RID1327" codeMeaning="upper lobe of left lung" codingSchemeDesignator="RadLex_3.9.1"/>
         <AllowedTerm codeValue="RID1333" codeMeaning="lingula" codingSchemeDesignator="RadLex_3.9.1"/>
         <AllowedTerm codeValue="RID1338" codeMeaning="lower lobe of left lung" codingSchemeDesignator="RadLex_3.9.1"/>
         <AllowedTerm codeValue="RID46006" codeMeaning="right bronchial tree" codingSchemeDesignator="RadLex3.9.1"/>
         <AllowedTerm codeValue="RID46005" codeMeaning="left bronchial tree" codingSchemeDesignator="RadLex3.9.1"/>
         <AllowedTerm codeValue="RID46055" codeMeaning="right side" codingSchemeDesignator="RadLex_3.9.1"/>
         <AllowedTerm codeValue="RID46054" codeMeaning="left side" codingSchemeDesignator="RadLex_3.9.1"/>
         <AllowedTerm codeValue="RID39110" codeMeaning="unable to determine" codingSchemeDesignator="RadLex_3.9.1"/>
      </Component>
      <Component label="Lung Nodule" itemNumber="1" authors="Default User" explanatoryText="" minCardinality="1" maxCardinality="1" shouldDisplay="true" groupLabel="" id="2.25.87157590103780976172344716887617624858">
         <ImagingObservation annotatorConfidence="false">
            <ImagingObservationCharacteristic label="Axial Location" itemNumber="0" authors="Default User" explanatoryText="" minCardinality="1" maxCardinality="1" shouldDisplay="true" groupLabel="" id="2.25.237962337540884656877012377106352564200" annotatorConfidence="false">
               <AllowedTerm codeValue="RID5827" codeMeaning="central" codingSchemeDesignator="RadLex_3.9.1"/>
               <AllowedTerm codeValue="RID5828" codeMeaning="peripheral" codingSchemeDesignator="RadLex_3.9.1"/>
            </ImagingObservationCharacteristic>
            <ImagingObservationCharacteristic label="Nodule Attenuation" itemNumber="1" authors="Default User" explanatoryText="" minCardinality="1" maxCardinality="1" shouldDisplay="true" groupLabel="" id="2.25.14296178658435596975218217235280517220" annotatorConfidence="false">
               <AllowedTerm codeValue="RID5741" codeMeaning="solid" codingSchemeDesignator="RadLex.3.10"/>
               <AllowedTerm codeValue="RID45726" codeMeaning="ground glass" codingSchemeDesignator="RadLex.3.10"/>
               <AllowedTerm codeValue="RID46009" codeMeaning="semi-consolidation" codingSchemeDesignator="RadLex.3.10"/>
               <AllowedTerm codeValue="RID46011" codeMeaning="partially solid" codingSchemeDesignator="RadLex.3.10">
                  <ValidTerm codeValue="LT2" codeMeaning="Solid lessOrEqual 5mm" codingSchemeDesignator="LungTemplate"/>
               </AllowedTerm>
               <AllowedTerm codeValue="RID46011" codeMeaning="partially solid" codingSchemeDesignator="RadLex.3.10" codingSchemeVersion="">
                  <ValidTerm codeValue="LT3" codeMeaning="Solid greaterThan 5mm" codingSchemeDesignator="LungTemplate"/>
               </AllowedTerm>
            </ImagingObservationCharacteristic>
            <ImagingObservationCharacteristic label="Nodule Internal Features" itemNumber="2" authors="Default User" explanatoryText="" minCardinality="0" maxCardinality="5" shouldDisplay="true" groupLabel="" id="2.25.35741647376747435228941990394228816488" annotatorConfidence="false">
               <AllowedTerm codeValue="RID38794" codeMeaning="reticulation" codingSchemeDesignator="RadLex3.9.1"/>
               <AllowedTerm codeValue="RID46015" codeMeaning="internal air bronchogram sign" codingSchemeDesignator="RadLex3.9.1"/>
               <AllowedTerm codeValue="RID5171" codeMeaning="necrosis" codingSchemeDesignator="RadLex3.9.1"/>
               <AllowedTerm codeValue="RID46014" codeMeaning="cavitated" codingSchemeDesignator="RadLex3.9.1"/>
               <AllowedTerm codeValue="LT4" codeMeaning="nodule cysts" codingSchemeDesignator="LungTemplate"/>
            </ImagingObservationCharacteristic>
            <ImagingObservationCharacteristic label="Nodule Margins-Primary Pattern" itemNumber="3" authors="Default User" explanatoryText="" minCardinality="1" maxCardinality="1" shouldDisplay="true" groupLabel="" id="2.25.183099523845672751539777412085619223302" annotatorConfidence="false">
               <AllowedTerm codeValue="RID5912" codeMeaning="smooth" codingSchemeDesignator="RadLex" codingSchemeVersion="1.0"/>
               <AllowedTerm codeValue="RID5809" codeMeaning="irregular" codingSchemeDesignator="RadLex" codingSchemeVersion="1.0"/>
               <AllowedTerm codeValue="RID5801" codeMeaning="lobulated" codingSchemeDesignator="RadLex.3.10"/>
               <AllowedTerm codeValue="RID34284" codeMeaning="spiculated" codingSchemeDesignator="RadLex" codingSchemeVersion="1.0"/>
               <AllowedTerm codeValue="RID34283" codeMeaning="poorly defined" codingSchemeDesignator="RadLex.3.10"/>
            </ImagingObservationCharacteristic>
            <ImagingObservationCharacteristic label="Nodule Margins-Secondary Pattern" itemNumber="4" authors="Default User" explanatoryText="" minCardinality="1" maxCardinality="1" shouldDisplay="true" groupLabel="" id="2.25.274004174861007766345536611609722648729" annotatorConfidence="false">
               <AllowedTerm codeValue="RID5912" codeMeaning="smooth" codingSchemeDesignator="RadLex" codingSchemeVersion="1.0"/>
               <AllowedTerm codeValue="RID5809" codeMeaning="irregular" codingSchemeDesignator="RadLex" codingSchemeVersion="1.0"/>
               <AllowedTerm codeValue="RID5801" codeMeaning="lobulated" codingSchemeDesignator="RadLex.3.10"/>
               <AllowedTerm codeValue="RID34284" codeMeaning="spiculated" codingSchemeDesignator="RadLex" codingSchemeVersion="1.0"/>
               <AllowedTerm codeValue="RID34283" codeMeaning="poorly defined" codingSchemeDesignator="RadLex.3.10"/>
            </ImagingObservationCharacteristic>
            <ImagingObservationCharacteristic label="Nodule Shape" itemNumber="5" authors="Default User" explanatoryText="" minCardinality="1" maxCardinality="1" shouldDisplay="true" groupLabel="" id="2.25.210192685152885213289122028983951587405" annotatorConfidence="false">
               <AllowedTerm codeValue="RID5799" codeMeaning="round" codingSchemeDesignator="RadLex" codingSchemeVersion="1.0"/>
               <AllowedTerm codeValue="RID5800" codeMeaning="oval" codingSchemeDesignator="RadLex" codingSchemeVersion="1.0"/>
               <AllowedTerm codeValue="RID5757" codeMeaning="complex" codingSchemeDesignator="RadLex" codingSchemeVersion="1.0"/>
               <AllowedTerm codeValue="RID34291" codeMeaning="polygonal" codingSchemeDesignator="RadLex" codingSchemeVersion="1.0"/>
            </ImagingObservationCharacteristic>
            <ImagingObservationCharacteristic label="Nodule Calcification" itemNumber="6" authors="Default User" explanatoryText="" minCardinality="1" maxCardinality="1" shouldDisplay="true" groupLabel="" id="2.25.91578940853568465168607658611838451559" annotatorConfidence="false">
               <AllowedTerm codeValue="RID28454" codeMeaning="none" codingSchemeDesignator="RadLex" codingSchemeVersion="1.0"/>
               <AllowedTerm codeValue="RID5827" codeMeaning="central" codingSchemeDesignator="RadLex" codingSchemeVersion="1.0"/>
               <AllowedTerm codeValue="RID5828" codeMeaning="peripheral" codingSchemeDesignator="RadLex" codingSchemeVersion="1.0"/>
            </ImagingObservationCharacteristic>
            <ImagingObservationCharacteristic label="Nodule Associated Findings" itemNumber="7" authors="Default User" explanatoryText="" minCardinality="0" maxCardinality="8" shouldDisplay="true" groupLabel="" id="2.25.86591728618943540706650681612583222798" annotatorConfidence="false">
               <AllowedTerm codeValue="RID46018" codeMeaning="attachment to pleura" codingSchemeDesignator="RadLex.3.10"/>
               <AllowedTerm codeValue="RID46052" codeMeaning="attachment to vessel" codingSchemeDesignator="RadLex.3.10"/>
               <AllowedTerm codeValue="RID46019" codeMeaning="attachment to bronchus" codingSchemeDesignator="RadLex.3.10"/>
               <AllowedTerm codeValue="RID46034" codeMeaning="pleural retraction" codingSchemeDesignator="RadLex.3.10"/>
               <AllowedTerm codeValue="RID46035" codeMeaning="entering airway" codingSchemeDesignator="RadLex.3.10"/>
               <AllowedTerm codeValue="RID46020" codeMeaning="bronchovascular bundle" codingSchemeDesignator="RadLex.3.10" codingSchemeVersion="">
                  <ValidTerm codeValue="RID5914" codeMeaning="thickened" codingSchemeDesignator="RadLex3.10_NS"/>
               </AllowedTerm>
               <AllowedTerm codeValue="RID46036" codeMeaning="vascular convergence" codingSchemeDesignator="RadLex.3.10"/>
               <AllowedTerm codeValue="RID46021" codeMeaning="septal thickening" codingSchemeDesignator="RadLex.3.10"/>
            </ImagingObservationCharacteristic>
            <ImagingObservationCharacteristic label="Nodule Periphery" itemNumber="8" authors="Default User" explanatoryText="" minCardinality="1" maxCardinality="1" shouldDisplay="true" groupLabel="" id="2.25.337873076505794771639407232761357500198" annotatorConfidence="false">
               <AllowedTerm codeValue="RID4799" codeMeaning="emphysema" codingSchemeDesignator="RadLex3.10_NS"/>
               <AllowedTerm codeValue="RID3820" codeMeaning="fibrosis" codingSchemeDesignator="RadLex3.10_NS">
                  <ValidTerm codeValue="RID5701" codeMeaning="diffuse" codingSchemeDesignator="RadLex3.10_NS"/>
               </AllowedTerm>
               <AllowedTerm codeValue="RID13173" codeMeaning="normal" codingSchemeDesignator="RadLex3.10_NS"/>
               <AllowedTerm codeValue="RID3829" codeMeaning="scar" codingSchemeDesignator="RadLex3.10_NS">
                  <ValidTerm codeValue="RID5702" codeMeaning="focal" codingSchemeDesignator="RadLex3.10_NS"/>
               </AllowedTerm>
            </ImagingObservationCharacteristic>
            <ImagingObservationCharacteristic label="Satellite Nodules in Primary Lesion Lobe (greater than 4mm noncalcified)" itemNumber="9" authors="Default User" explanatoryText="" minCardinality="1" maxCardinality="1" shouldDisplay="true" groupLabel="" id="2.25.56874292711129473332146919471556731934" annotatorConfidence="false">
               <AllowedTerm codeValue="RID28473" codeMeaning="absent" codingSchemeDesignator="RadLex3.10_NS"/>
               <AllowedTerm codeValue="RID5741" codeMeaning="solid" codingSchemeDesignator="RadLex3.10_NS"/>
               <AllowedTerm codeValue="RID46016" codeMeaning="non-solid" codingSchemeDesignator="RadLex3.10_NS"/>
               <AllowedTerm codeValue="RID46009" codeMeaning="semi-consolidation" codingSchemeDesignator="RadLex3.10_NS"/>
               <AllowedTerm codeValue="RID46011" codeMeaning="partially solid" codingSchemeDesignator="RadLex3.10_NS"/>
            </ImagingObservationCharacteristic>
            <ImagingObservationCharacteristic label="Nodules in Non-Lesion Lobe Same Lung (greater than 4mm noncalcified)" itemNumber="10" authors="Default User" explanatoryText="" minCardinality="1" maxCardinality="1" shouldDisplay="true" groupLabel="" id="2.25.164648481688704170072251256968019225088" annotatorConfidence="false">
               <AllowedTerm codeValue="RID28473" codeMeaning="absent" codingSchemeDesignator="RadLex3.10_NS"/>
               <AllowedTerm codeValue="RID5741" codeMeaning="solid" codingSchemeDesignator="RadLex3.10_NS"/>
               <AllowedTerm codeValue="RID46016" codeMeaning="non-solid" codingSchemeDesignator="RadLex3.10_NS"/>
               <AllowedTerm codeValue="RID46009" codeMeaning="semi-consolidation" codingSchemeDesignator="RadLex3.10_NS"/>
               <AllowedTerm codeValue="RID46011" codeMeaning="partially solid" codingSchemeDesignator="RadLex3.10_NS"/>
            </ImagingObservationCharacteristic>
            <ImagingObservationCharacteristic label="Nodules in Contralateral Lung (gretater than 4mm noncalcified)" itemNumber="11" authors="Default User" explanatoryText="" minCardinality="1" maxCardinality="1" shouldDisplay="true" groupLabel="" id="2.25.33923803346582189330047535303230692411" annotatorConfidence="false">
               <AllowedTerm codeValue="RID28473" codeMeaning="absent" codingSchemeDesignator="RadLex3.10_NS"/>
               <AllowedTerm codeValue="RID5741" codeMeaning="solid" codingSchemeDesignator="RadLex3.10_NS"/>
               <AllowedTerm codeValue="RID46016" codeMeaning="non-solid" codingSchemeDesignator="RadLex3.10_NS"/>
               <AllowedTerm codeValue="RID46009" codeMeaning="semi-consolidation" codingSchemeDesignator="RadLex3.10_NS"/>
               <AllowedTerm codeValue="RID46011" codeMeaning="partially solid" codingSchemeDesignator="RadLex3.10_NS"/>
            </ImagingObservationCharacteristic>
            <ImagingObservationCharacteristic label="Centrilobular Nodules - Diffuse (RB type nodules)" itemNumber="12" authors="Default User" explanatoryText="" minCardinality="1" maxCardinality="1" shouldDisplay="true" groupLabel="" id="2.25.180475864236240257350664551875509074349" annotatorConfidence="false">
               <AllowedTerm codeValue="RID28473" codeMeaning="absent" codingSchemeDesignator="RadLex3.10_NS"/>
               <AllowedTerm codeValue="RID28472" codeMeaning="present" codingSchemeDesignator="RadLex3.10_NS"/>
            </ImagingObservationCharacteristic>
            <ImagingObservationCharacteristic label="Emphysema" itemNumber="13" authors="Default User" explanatoryText="" minCardinality="1" maxCardinality="1" shouldDisplay="true" groupLabel="" id="2.25.85167896134846854745150364271756901116" annotatorConfidence="false">
               <AllowedTerm codeValue="RID28473" codeMeaning="absent" codingSchemeDesignator="RadLex3.10_NS" codingSchemeVersion="" nextId="2.25.196629001251905554888034863981784506133"/>
               <AllowedTerm codeValue="RID28472" codeMeaning="present" codingSchemeDesignator="RadLex3.10_NS"/>
            </ImagingObservationCharacteristic>
            <ImagingObservationCharacteristic label="Primary Emphysema Pattern" itemNumber="14" authors="Default User" explanatoryText="" minCardinality="0" maxCardinality="1" shouldDisplay="true" groupLabel="" id="2.25.48209778667419927995403117943578362888" annotatorConfidence="false">
               <AllowedTerm codeValue="RID28505" codeMeaning="centrilobular" codingSchemeDesignator="RadLex3.10_NS"/>
               <AllowedTerm codeValue="RID46023" codeMeaning="panacinar" codingSchemeDesignator="RadLex3.10_NS"/>
               <AllowedTerm codeValue="RID46024" codeMeaning="paraseptal" codingSchemeDesignator="RadLex3.10_NS"/>
               <AllowedTerm codeValue="RID46025" codeMeaning="paracicatricial" codingSchemeDesignator="RadLex3.10_NS"/>
               <AllowedTerm codeValue="RID46056" codeMeaning="not applicable" codingSchemeDesignator="RadLex3.10_NS"/>
            </ImagingObservationCharacteristic>
            <ImagingObservationCharacteristic label="Primary Distribution" itemNumber="15" authors="Default User" explanatoryText="" minCardinality="0" maxCardinality="1" shouldDisplay="true" groupLabel="" id="2.25.87497229868117253568605741682731038702" annotatorConfidence="false">
               <AllowedTerm codeValue="T28" codeMeaning="upper predominant" codingSchemeDesignator="LungTemplate"/>
               <AllowedTerm codeValue="T29" codeMeaning="middle predominant" codingSchemeDesignator="LungTemplate"/>
               <AllowedTerm codeValue="T30" codeMeaning="lower predominant" codingSchemeDesignator="LungTemplate"/>
               <AllowedTerm codeValue="T31" codeMeaning="diffuse, no predominance" codingSchemeDesignator="LungTemplate"/>
               <AllowedTerm codeValue="T32" codeMeaning="patchy, no predominance" codingSchemeDesignator="LungTemplate"/>
               <AllowedTerm codeValue="T33" codeMeaning="unable to determin predominance or NA" codingSchemeDesignator="LungTemplate"/>
            </ImagingObservationCharacteristic>
            <ImagingObservationCharacteristic label="Primary Emphysema Laterality" itemNumber="16" authors="Default User" explanatoryText="" minCardinality="0" maxCardinality="1" shouldDisplay="true" groupLabel="" id="2.25.22412018022639277396146875668346172866" annotatorConfidence="false">
               <AllowedTerm codeValue="RID5825" codeMeaning="right" codingSchemeDesignator="RadLex3.10_NS"/>
               <AllowedTerm codeValue="RID5824" codeMeaning="left" codingSchemeDesignator="RadLex3.10_NS"/>
               <AllowedTerm codeValue="RID5770" codeMeaning="both" codingSchemeDesignator="RadLex3.10_NS"/>
            </ImagingObservationCharacteristic>
            <ImagingObservationCharacteristic label="Secondary Emmphysema Pattern" itemNumber="17" authors="Default User" explanatoryText="" minCardinality="0" maxCardinality="1" shouldDisplay="true" groupLabel="" id="2.25.302457310194949316717802766802040777742" annotatorConfidence="false">
               <AllowedTerm codeValue="RID28505" codeMeaning="centrilobular" codingSchemeDesignator="RadLex3.10_NS"/>
               <AllowedTerm codeValue="RID46023" codeMeaning="panacinar" codingSchemeDesignator="RadLex3.10_NS"/>
               <AllowedTerm codeValue="RID46024" codeMeaning="paraseptal" codingSchemeDesignator="RadLex3.10_NS"/>
               <AllowedTerm codeValue="RID46025" codeMeaning="paracicatricial" codingSchemeDesignator="RadLex3.10_NS"/>
               <AllowedTerm codeValue="RID46056" codeMeaning="not applicable" codingSchemeDesignator="RadLex3.10_NS"/>
            </ImagingObservationCharacteristic>
            <ImagingObservationCharacteristic label="Secondary Emhysema Distribution" itemNumber="18" authors="Default User" explanatoryText="" minCardinality="0" maxCardinality="1" shouldDisplay="true" groupLabel="" id="2.25.126554497157909901085611395913043926817" annotatorConfidence="false">
               <AllowedTerm codeValue="T28" codeMeaning="upper predominant" codingSchemeDesignator="LungTemplate"/>
               <AllowedTerm codeValue="T29" codeMeaning="middle predominant" codingSchemeDesignator="LungTemplate"/>
               <AllowedTerm codeValue="T30" codeMeaning="lower predominant" codingSchemeDesignator="LungTemplate"/>
               <AllowedTerm codeValue="T31" codeMeaning="diffuse, no predominance" codingSchemeDesignator="LungTemplate"/>
               <AllowedTerm codeValue="T32" codeMeaning="patchy, no predominance" codingSchemeDesignator="LungTemplate"/>
               <AllowedTerm codeValue="T33" codeMeaning="unable to determin predominance or NA" codingSchemeDesignator="LungTemplate"/>
            </ImagingObservationCharacteristic>
            <ImagingObservationCharacteristic label="Secondary Emphysema Laterality" itemNumber="19" authors="Default User" explanatoryText="" minCardinality="0" maxCardinality="1" shouldDisplay="true" groupLabel="" id="2.25.79576331108465773610712356090472423453" annotatorConfidence="false">
               <AllowedTerm codeValue="RID5825" codeMeaning="right" codingSchemeDesignator="RadLex3.10_NS"/>
               <AllowedTerm codeValue="RID5824" codeMeaning="left" codingSchemeDesignator="RadLex3.10_NS"/>
               <AllowedTerm codeValue="RID5770" codeMeaning="both" codingSchemeDesignator="RadLex3.10_NS"/>
            </ImagingObservationCharacteristic>
            <ImagingObservationCharacteristic label="Overall Emmphysema Severity" itemNumber="20" authors="Default User" explanatoryText="" minCardinality="0" maxCardinality="1" shouldDisplay="true" groupLabel="" id="2.25.289810694927622330644816270675737408632" annotatorConfidence="false">
               <AllowedTerm codeValue="T35" codeMeaning="zero severity" codingSchemeDesignator="LungTemplate"/>
               <AllowedTerm codeValue="T36" codeMeaning="low severity (1-25%)" codingSchemeDesignator="LungTemplate"/>
               <AllowedTerm codeValue="T37" codeMeaning="moderate severity (26-50%)" codingSchemeDesignator="LungTemplate"/>
               <AllowedTerm codeValue="T38" codeMeaning="moderately high severity (51-75%)" codingSchemeDesignator="LungTemplate"/>
               <AllowedTerm codeValue="T39" codeMeaning="high severity (greaterThan 75%)" codingSchemeDesignator="LungTemplate"/>
            </ImagingObservationCharacteristic>
            <ImagingObservationCharacteristic label="Lung Parencyma Features" itemNumber="21" authors="Default User" explanatoryText="" minCardinality="0" maxCardinality="8" shouldDisplay="true" groupLabel="" id="2.25.196629001251905554888034863981784506133" annotatorConfidence="false">
               <AllowedTerm codeValue="RID46026" codeMeaning="airway abnormality" codingSchemeDesignator="RadLex3.10_NS"/>
               <AllowedTerm codeValue="RID46027" codeMeaning="bronchial wall thickening" codingSchemeDesignator="RadLex3.10_NS"/>
               <AllowedTerm codeValue="RID46028" codeMeaning="airway ectasia" codingSchemeDesignator="RadLex3.10_NS"/>
               <AllowedTerm codeValue="RID28496" codeMeaning="bronchiectasis" codingSchemeDesignator="RadLex3.10_NS"/>
               <AllowedTerm codeValue="RID46029" codeMeaning="luminal narrowing" codingSchemeDesignator="RadLex3.10_NS"/>
               <AllowedTerm codeValue="RID46037" codeMeaning="bronchiolar prominence" codingSchemeDesignator="RadLex3.10_NS"/>
               <AllowedTerm codeValue="RID35654" codeMeaning="tree-in-bud sign" codingSchemeDesignator="RadLex3.10_NS"/>
               <AllowedTerm codeValue="RID46030" codeMeaning="mosaic oligemia" codingSchemeDesignator="RadLex3.10_NS"/>
            </ImagingObservationCharacteristic>
            <ImagingObservationCharacteristic label="Fibrosis" itemNumber="22" authors="Default User" explanatoryText="" minCardinality="1" maxCardinality="1" shouldDisplay="true" groupLabel="" id="2.25.168011863615558355498009510206396497638" annotatorConfidence="false">
               <AllowedTerm codeValue="RID28472" codeMeaning="present" codingSchemeDesignator="RadLex3.10_NS"/>
               <AllowedTerm codeValue="RID28473" codeMeaning="absent" codingSchemeDesignator="RadLex3.10_NS" codingSchemeVersion="" noMoreQuestions="true"/>
            </ImagingObservationCharacteristic>
            <ImagingObservationCharacteristic label="Anatomic Fibrosis Distribution" itemNumber="23" authors="Default User" explanatoryText="" minCardinality="0" maxCardinality="1" shouldDisplay="true" groupLabel="" id="2.25.279492598017048490216876260893969565992" annotatorConfidence="false">
               <AllowedTerm codeValue="RID5833" codeMeaning="apical" codingSchemeDesignator="RadLex3.10_NS"/>
               <AllowedTerm codeValue="T28" codeMeaning="upper predominant" codingSchemeDesignator="LungTemplate"/>
               <AllowedTerm codeValue="T29" codeMeaning="middle predominant" codingSchemeDesignator="LungTemplate"/>
               <AllowedTerm codeValue="T30" codeMeaning="lower predominant" codingSchemeDesignator="LungTemplate"/>
               <AllowedTerm codeValue="T31" codeMeaning="diffuse, no predominance" codingSchemeDesignator="LungTemplate"/>
               <AllowedTerm codeValue="T32" codeMeaning="patchy, no predominance" codingSchemeDesignator="LungTemplate"/>
               <AllowedTerm codeValue="T33" codeMeaning="unable to determin predominance or NA" codingSchemeDesignator="LungTemplate"/>
            </ImagingObservationCharacteristic>
            <ImagingObservationCharacteristic label="Axial Fibrosis Distribution" itemNumber="24" authors="Default User" explanatoryText="" minCardinality="0" maxCardinality="1" shouldDisplay="true" groupLabel="" id="2.25.56159694178652268995459589930935196338" annotatorConfidence="false">
               <AllowedTerm codeValue="RID46032" codeMeaning="subpleural" codingSchemeDesignator="RadLex3.10_NS"/>
               <AllowedTerm codeValue="RID46051" codeMeaning="bronchovascular" codingSchemeDesignator="RadLex3.10_NS"/>
               <AllowedTerm codeValue="T46" codeMeaning="subpleural &amp; bronchovascular" codingSchemeDesignator="LungTemplate" codingSchemeVersion=""/>
               <AllowedTerm codeValue="RID46031" codeMeaning="random" codingSchemeDesignator="RadLex3.10_NS"/>
            </ImagingObservationCharacteristic>
            <ImagingObservationCharacteristic label="Fibrosis Type" itemNumber="25" authors="Default User" explanatoryText="" minCardinality="0" maxCardinality="1" shouldDisplay="true" groupLabel="" id="2.25.302323631874731272639500154344855572660" annotatorConfidence="false">
               <AllowedTerm codeValue="RID5333" codeMeaning="usual interstitial pneumonia" codingSchemeDesignator="RadLex3.10_NS"/>
               <AllowedTerm codeValue="RID5341" codeMeaning="nonspecific interstitial pneumonia" codingSchemeDesignator="RadLex3.10_NS"/>
               <AllowedTerm codeValue="T41" codeMeaning="hypersensitivity pneumonitis" codingSchemeDesignator="LungTemplate"/>
               <AllowedTerm codeValue="RID34662" codeMeaning="sarcoidosis" codingSchemeDesignator="RadLex3.10_NS"/>
               <AllowedTerm codeValue="T42" codeMeaning="smoking-related fibrosis" codingSchemeDesignator="LungTemplate"/>
               <AllowedTerm codeValue="T43" codeMeaning="post-infectious fibrosis (including OGD)" codingSchemeDesignator="LungTemplate"/>
               <AllowedTerm codeValue="T44" codeMeaning="other fibrosis" codingSchemeDesignator="LungTemplate"/>
               <AllowedTerm codeValue="RID39110" codeMeaning="indeterminate" codingSchemeDesignator="RadLex3.10_NS" codingSchemeVersion=""/>
            </ImagingObservationCharacteristic>
         </ImagingObservation>
         <AllowedTerm codeValue="RID39056" codeMeaning=" lung mass" codingSchemeDesignator="RadLex3.8" codingSchemeVersion="" defaultAnswer="true"/>
      </Component>
   </Template>
</TemplateContainer>