<?xml version="1.0" encoding="UTF-8"?>
<TemplateContainer uid="2.25.15849407908315605105713741120411730412" name="Medulloblastoma_v2" authors="Mike Iv" version="1.0" creationDate="2014-10-11" description="Semantic terms for Medulloblastoma study" xsi:schemaLocation="gme://caCORE.caCORE/3.2/edu.northwestern.radiology.AIMTemplate AIMTemplate_v2rv13.xsd" xmlns="gme://caCORE.caCORE/3.2/edu.northwestern.radiology.AIMTemplate" xmlns:xsi="http://www.w3.org/2001/XMLSchema-instance">
   <Template uid="2.25.38059802756356362231537519738295395570" name="Medulloblastoma" authors="Mike Iv" version="1.0" creationDate="2014-09-18" description="Semantic terms for Medulloblastoma study" codeMeaning="Medulloblastoma" codeValue="99_PRI_TC_01" codingSchemeDesignator="MB" codingSchemeVersion="1.0">
      <Component label="Tumor" itemNumber="0" authors="Mike Iv" explanatoryText="" minCardinality="1" maxCardinality="1" shouldDisplay="true" groupLabel="" id="2.25.117572152526707927574939372850941803789">
         <ImagingObservation annotatorConfidence="false">
            <ImagingObservationCharacteristic label="Tumor Center" itemNumber="0" authors="Mike Iv" explanatoryText="Location of tumor center" minCardinality="1" maxCardinality="1" shouldDisplay="true" groupLabel="" id="2.25.243369427314152610892608614870379669427" annotatorConfidence="false">
               <AllowedTerm codeValue="M05" codeMeaning="Cerebellopontine angle" codingSchemeDesignator="MB" codingSchemeVersion=""/>
               <AllowedTerm codeValue="M02" codeMeaning="Central cerebellum" codingSchemeDesignator="MB" codingSchemeVersion="1.0"/>
               <AllowedTerm codeValue="M01" codeMeaning="Peripheral cerebellum" codingSchemeDesignator="MB" codingSchemeVersion="1.0"/>
               <AllowedTerm codeValue="M03" codeMeaning="Cerebellar peduncles" codingSchemeDesignator="MB" codingSchemeVersion="1.0"/>
            </ImagingObservationCharacteristic>
            <ImagingObservationCharacteristic label="Side of tumor center" itemNumber="1" authors="Mike Iv" explanatoryText="Location of side of tumor center" minCardinality="1" maxCardinality="1" shouldDisplay="true" groupLabel="" id="2.25.258394607215005566882269020151816243346" annotatorConfidence="false">
               <AllowedTerm codeValue="M06" codeMeaning="Right" codingSchemeDesignator="MB" codingSchemeVersion=""/>
               <AllowedTerm codeValue="M08" codeMeaning="Left" codingSchemeDesignator="MB" codingSchemeVersion=""/>
               <AllowedTerm codeValue="M07" codeMeaning="Midline - Vermis" codingSchemeDesignator="MB" codingSchemeVersion="1.0"/>
               <AllowedTerm codeValue="M22" codeMeaning="Midline - Fourth ventricle" codingSchemeDesignator="MB" codingSchemeVersion="1.0"/>
            </ImagingObservationCharacteristic>
            <ImagingObservationCharacteristic label="Enhancement" itemNumber="2" authors="Mike Iv" explanatoryText="Presence of tumor enhancement" minCardinality="1" maxCardinality="1" shouldDisplay="true" groupLabel="" id="2.25.338770605775076783480232327850136588548" annotatorConfidence="false">
               <AllowedTerm codeValue="M12" codeMeaning="Yes" codingSchemeDesignator="MB" codingSchemeVersion=""/>
               <AllowedTerm codeValue="M13" codeMeaning="No" codingSchemeDesignator="MB" codingSchemeVersion="" nextId="2.25.74924448650820154247124998177552875940"/>
            </ImagingObservationCharacteristic>
            <ImagingObservationCharacteristic label="Amount of enhancement" itemNumber="3" authors="Mike Iv" explanatoryText="" minCardinality="1" maxCardinality="1" shouldDisplay="true" groupLabel="" id="2.25.218175037184590661113614121913710048949" annotatorConfidence="false">
               <AllowedTerm codeValue="M09" codeMeaning="Less than or equal to 25%" codingSchemeDesignator="MB" codingSchemeVersion="1.0" defaultAnswer="true"/>
               <AllowedTerm codeValue="M10" codeMeaning="Between 25-75%" codingSchemeDesignator="MB" codingSchemeVersion="1.0"/>
               <AllowedTerm codeValue="M11" codeMeaning="Greater than or equal to 75%" codingSchemeDesignator="MB" codingSchemeVersion="1.0"/>
            </ImagingObservationCharacteristic>
            <ImagingObservationCharacteristic label="Hemorrhage" itemNumber="4" authors="Mike Iv" explanatoryText="Presence of intratumoral hemorrhage" minCardinality="1" maxCardinality="1" shouldDisplay="true" groupLabel="" id="2.25.74924448650820154247124998177552875940" annotatorConfidence="false">
               <AllowedTerm codeValue="M12" codeMeaning="Yes" codingSchemeDesignator="MB" codingSchemeVersion=""/>
               <AllowedTerm codeValue="M13" codeMeaning="No" codingSchemeDesignator="MB" codingSchemeVersion="" nextId="2.25.298376394697089297145445272837107331498"/>
               <AllowedTerm codeValue="M21" codeMeaning="Indeterminate" codingSchemeDesignator="MB" codingSchemeVersion="1.0" nextId="2.25.298376394697089297145445272837107331498"/>
            </ImagingObservationCharacteristic>
            <ImagingObservationCharacteristic label="Amount of hemorrhage" itemNumber="5" authors="Mike Iv" explanatoryText="How much hemorrhage is present relative to the size of tumor?" minCardinality="1" maxCardinality="1" shouldDisplay="true" groupLabel="" id="2.25.298160909746610489749753082118792263970" annotatorConfidence="false">
               <AllowedTerm codeValue="M09" codeMeaning="Less than or equal to 25%" codingSchemeDesignator="MB" codingSchemeVersion="1.0" defaultAnswer="true"/>
               <AllowedTerm codeValue="M10" codeMeaning="Between 25-75%" codingSchemeDesignator="MB" codingSchemeVersion="1.0"/>
               <AllowedTerm codeValue="M11" codeMeaning="Greater than or equal to 75%" codingSchemeDesignator="MB" codingSchemeVersion="1.0"/>
            </ImagingObservationCharacteristic>
            <ImagingObservationCharacteristic label="Calcification" itemNumber="6" authors="Mike Iv" explanatoryText="Presence of intratumoral calcification" minCardinality="1" maxCardinality="1" shouldDisplay="true" groupLabel="" id="2.25.298376394697089297145445272837107331498" annotatorConfidence="false">
               <AllowedTerm codeValue="M12" codeMeaning="Yes" codingSchemeDesignator="MB" codingSchemeVersion=""/>
               <AllowedTerm codeValue="M13" codeMeaning="No" codingSchemeDesignator="MB" codingSchemeVersion=""/>
               <AllowedTerm codeValue="M21" codeMeaning="Indeterminate" codingSchemeDesignator="MB" codingSchemeVersion="1.0"/>
            </ImagingObservationCharacteristic>
            <ImagingObservationCharacteristic label="Edema" itemNumber="7" authors="Mike Iv" explanatoryText="Is there any edema surrounding the primary mass?" minCardinality="1" maxCardinality="1" shouldDisplay="true" groupLabel="" id="2.25.128516892276052145583552023366924499488" annotatorConfidence="false">
               <AllowedTerm codeValue="M12" codeMeaning="Yes" codingSchemeDesignator="MB" codingSchemeVersion="1.0"/>
               <AllowedTerm codeValue="M13" codeMeaning="No" codingSchemeDesignator="MB" codingSchemeVersion="1.0"/>
            </ImagingObservationCharacteristic>
            <ImagingObservationCharacteristic label="Cyst(s)" itemNumber="8" authors="Mike Iv" explanatoryText="Presence of cyst(s) - defined as circumscribed lesion(s) with CSF signal intensity and thin and smooth wall(s)" minCardinality="1" maxCardinality="1" shouldDisplay="true" groupLabel="" id="2.25.327908120642115618520019529889963055643" annotatorConfidence="false">
               <AllowedTerm codeValue="M12" codeMeaning="Yes" codingSchemeDesignator="MB" codingSchemeVersion=""/>
               <AllowedTerm codeValue="M13" codeMeaning="No" codingSchemeDesignator="MB" codingSchemeVersion=""/>
            </ImagingObservationCharacteristic>
            <ImagingObservationCharacteristic label="Necrosis" itemNumber="9" authors="Mike Iv" explanatoryText="Presence of necrosis - differentiate from cyst by complex internal material and thick and/or irregular wall" minCardinality="1" maxCardinality="1" shouldDisplay="true" groupLabel="" id="2.25.81179750153991324821009866957029294622" annotatorConfidence="false">
               <AllowedTerm codeValue="M12" codeMeaning="Yes" codingSchemeDesignator="MB" codingSchemeVersion=""/>
               <AllowedTerm codeValue="M13" codeMeaning="No" codingSchemeDesignator="MB" codingSchemeVersion=""/>
            </ImagingObservationCharacteristic>
            <ImagingObservationCharacteristic label="Margin" itemNumber="10" authors="Mike Iv" explanatoryText="Is &gt;50% of tumor margin circumscribed (i.e. margin is easy to trace with a pencil if you were to draw it)?" minCardinality="1" maxCardinality="1" shouldDisplay="true" groupLabel="" id="2.25.328482396987283900535246189988708663854" annotatorConfidence="false">
               <AllowedTerm codeValue="M12" codeMeaning="Yes" codingSchemeDesignator="MB" codingSchemeVersion=""/>
               <AllowedTerm codeValue="M13" codeMeaning="No" codingSchemeDesignator="MB" codingSchemeVersion=""/>
            </ImagingObservationCharacteristic>
            <ImagingObservationCharacteristic label="Leptomeningeal or ependymal seeding" itemNumber="11" authors="Mike Iv" explanatoryText="Presence of abnormal leptomeningeal and/or ependymal enhancement" minCardinality="1" maxCardinality="1" shouldDisplay="true" groupLabel="" id="2.25.219360991222997338272004958619102183256" annotatorConfidence="false">
               <AllowedTerm codeValue="M20" codeMeaning="None" codingSchemeDesignator="MB" codingSchemeVersion=""/>
               <AllowedTerm codeValue="M14" codeMeaning="Linear" codingSchemeDesignator="MB" codingSchemeVersion=""/>
               <AllowedTerm codeValue="M15" codeMeaning="Fine nodular (Less than 5mm)" codingSchemeDesignator="MB" codingSchemeVersion=""/>
               <AllowedTerm codeValue="M16" codeMeaning="Large nodular (Greater than or equal to 5 mm)" codingSchemeDesignator="MB" codingSchemeVersion=""/>
            </ImagingObservationCharacteristic>
            <ImagingObservationCharacteristic label="Parenchymal metastasis" itemNumber="12" authors="Mike Iv" explanatoryText="Presence of parenchymal metastasis" minCardinality="1" maxCardinality="1" shouldDisplay="true" groupLabel="" id="2.25.325627286753303843169513393422606521293" annotatorConfidence="false">
               <AllowedTerm codeValue="M12" codeMeaning="Yes" codingSchemeDesignator="MB" codingSchemeVersion=""/>
               <AllowedTerm codeValue="M13" codeMeaning="No" codingSchemeDesignator="MB" codingSchemeVersion="" noMoreQuestions="true"/>
            </ImagingObservationCharacteristic>
            <ImagingObservationCharacteristic label="Size of metastasis" itemNumber="13" authors="Mike Iv" explanatoryText="Size of metastasis" minCardinality="1" maxCardinality="1" shouldDisplay="true" groupLabel="" id="2.25.261923430377697684112193976061955864305" annotatorConfidence="false">
               <AllowedTerm codeValue="M17" codeMeaning="Small (Less than 5 mm)" codingSchemeDesignator="MB" codingSchemeVersion="" defaultAnswer="true" nextId="2.25.5576664793525414120049970800664039910"/>
               <AllowedTerm codeValue="M17" codeMeaning="Large (Greater or equal to 5 mm)" codingSchemeDesignator="MB" codingSchemeVersion="" nextId="2.25.5576664793525414120049970800664039910"/>
            </ImagingObservationCharacteristic>
            <ImagingObservationCharacteristic label="Location of metastasis" itemNumber="14" authors="Mike Iv" explanatoryText="Location of metastasis" minCardinality="1" maxCardinality="1" shouldDisplay="true" groupLabel="" id="2.25.5576664793525414120049970800664039910" annotatorConfidence="false">
               <AllowedTerm codeValue="M18" codeMeaning="Supratentorium" codingSchemeDesignator="MB" codingSchemeVersion="" noMoreQuestions="true"/>
               <AllowedTerm codeValue="M19" codeMeaning="Visualized spine" codingSchemeDesignator="MB" codingSchemeVersion="" noMoreQuestions="true"/>
               <AllowedTerm codeValue="M04" codeMeaning="Cerebellum" codingSchemeDesignator="MB" codingSchemeVersion="1.0" defaultAnswer="true" noMoreQuestions="true"/>
            </ImagingObservationCharacteristic>
         </ImagingObservation>
         <AllowedTerm codeValue="M23" codeMeaning="Medulloblastoma" codingSchemeDesignator="MB" codingSchemeVersion="1.0" defaultAnswer="true"/>
      </Component>
   </Template>
</TemplateContainer>