<?xml version="1.0" encoding="UTF-8"?>
<TemplateContainer uid="2.25.324623754256230546193305819660169850602" name="TNM Liver Template" authors="Default User" version="0.1" creationDate="2016-04-05" description="template for TNM classification" xsi:schemaLocation="gme://caCORE.caCORE/3.2/edu.northwestern.radiology.AIMTemplate AIMTemplate_v2rv13.xsd" xmlns="gme://caCORE.caCORE/3.2/edu.northwestern.radiology.AIMTemplate" xmlns:xsi="http://www.w3.org/2001/XMLSchema-instance">
   <Template uid="2.25.327403735011742463595362115653921565170" name="TNM Template" authors="Default User" version="0.1" creationDate="2016-04-06" description="tnm liver classification" codingSchemeDesignator="RadLex" codingSchemeVersion="1.0" codeMeaning="liver" codeValue="RID58">
      <Component label="Location" itemNumber="0" authors="Default User" explanatoryText="location of lesion" minCardinality="1" maxCardinality="1" shouldDisplay="true" groupLabel="" id="2.25.213433161351441128686488933935254458568">
         <AnatomicEntity annotatorConfidence="false"/>
         <AllowedTerm codeValue="RID58" codeMeaning="liver" codingSchemeDesignator="RadLex" codingSchemeVersion="1.0"/>
         <AllowedTerm codeValue="RID1302" codeMeaning="right lung" codingSchemeDesignator="RadLex" codingSchemeVersion="1.0"/>
         <AllowedTerm codeValue="RID1326" codeMeaning="left lung" codingSchemeDesignator="RadLex" codingSchemeVersion="1.0"/>
         <AllowedTerm codeValue="RID170" codeMeaning="pancreas" codingSchemeDesignator="RadLex" codingSchemeVersion="1.0"/>
         <AllowedTerm codeValue="RID13197" codeMeaning="bone organ" codingSchemeDesignator="RadLex" codingSchemeVersion="1.0"/>
         <AllowedTerm codeValue="RID13296" codeMeaning="lymph node" codingSchemeDesignator="RadLex" codingSchemeVersion="1.0"/>
         <AllowedTerm codeValue="RID187" codeMeaning="gallbladder" codingSchemeDesignator="RadLex" codingSchemeVersion="1.0"/>
         <AllowedTerm codeValue="RID134" codeMeaning="duodenum" codingSchemeDesignator="RadLex" codingSchemeVersion="1.0"/>
         <AllowedTerm codeValue="RID86" codeMeaning="spleen" codingSchemeDesignator="RadLex" codingSchemeVersion="1.0"/>
         <AllowedTerm codeValue="RID302" codeMeaning="uterus" codingSchemeDesignator="RadLex" codingSchemeVersion="1.0"/>
         <AllowedTerm codeValue="RID343" codeMeaning="prostate" codingSchemeDesignator="RadLex" codingSchemeVersion="1.0"/>
         <AllowedTerm codeValue="RID31940" codeMeaning="hepatic lymph node group" codingSchemeDesignator="RadLex" codingSchemeVersion="1.0"/>
      </Component>
      <Component label="Lesion type" itemNumber="1" authors="Default User" explanatoryText="" minCardinality="1" maxCardinality="1" shouldDisplay="true" groupLabel="" id="2.25.197387899405181296050370028889318374134">
         <ImagingObservation annotatorConfidence="false">
            <ImagingObservationCharacteristic label="Lesion effects on liver" itemNumber="0" authors="Default User" explanatoryText="Choose up to 3 additional features about how the lesion affects the liver." minCardinality="1" maxCardinality="1" shouldDisplay="true" groupLabel="" id="2.25.287803499113429427595594793411795140528" annotatorConfidence="false">
               <AllowedTerm codeValue="RID34624" codeMeaning="thrombosis" codingSchemeDesignator="RadLex" codingSchemeVersion="1.0"/>
               <AllowedTerm codeValue="RID4944" codeMeaning="perforation" codingSchemeDesignator="RadLex" codingSchemeVersion="1.0">
                  <ValidTerm codeValue="RID31173" codeMeaning="visceral peritoneum" codingSchemeDesignator="RadLex" codingSchemeVersion="1.0"/>
               </AllowedTerm>
               <AllowedTerm codeValue="RID28454" codeMeaning="none" codingSchemeDesignator="RadLex" codingSchemeVersion="1.0"/>
               <AllowedTerm codeValue="RID5791" codeMeaning="enlarged" codingSchemeDesignator="RadLex" codingSchemeVersion="1.0"/>
            </ImagingObservationCharacteristic>
            <ImagingObservationCharacteristic label="Lesion involves the blood vessel" itemNumber="1" authors="Default User" explanatoryText="tumor has grown into the blood vessel" minCardinality="1" maxCardinality="1" shouldDisplay="true" groupLabel="" id="2.25.215963016172905330350953273317585192718" annotatorConfidence="false">
               <AllowedTerm codeValue="RID28454" codeMeaning="none" codingSchemeDesignator="RadLex" codingSchemeVersion="1.0"/>
               <AllowedTerm codeValue="RID34467" codeMeaning="hepatic portal vein" codingSchemeDesignator="RadLex" codingSchemeVersion="1.0"/>
               <AllowedTerm codeValue="RID34470" codeMeaning="left portal vein" codingSchemeDesignator="RadLex" codingSchemeVersion="1.0"/>
               <AllowedTerm codeValue="RID34469" codeMeaning="right portal vein" codingSchemeDesignator="RadLex" codingSchemeVersion="1.0"/>
               <AllowedTerm codeValue="RID38269" codeMeaning="subdivision of left hepatic portal vein" codingSchemeDesignator="RadLex" codingSchemeVersion="1.0"/>
               <AllowedTerm codeValue="RID38261" codeMeaning="subdivision of right hepatic portal vein" codingSchemeDesignator="RadLex" codingSchemeVersion="1.0"/>
               <AllowedTerm codeValue="RID1179" codeMeaning="hepatic vein" codingSchemeDesignator="RadLex" codingSchemeVersion="1.0"/>
               <AllowedTerm codeValue="RID1180" codeMeaning="left hepatic vein" codingSchemeDesignator="RadLex" codingSchemeVersion="1.0"/>
               <AllowedTerm codeValue="RID1182" codeMeaning="right hepatic vein" codingSchemeDesignator="RadLex" codingSchemeVersion="1.0"/>
               <AllowedTerm codeValue="RID1181" codeMeaning="middle hepatic vein" codingSchemeDesignator="RadLex" codingSchemeVersion="1.0"/>
            </ImagingObservationCharacteristic>
         </ImagingObservation>
         <AllowedTerm codeValue="S71" codeMeaning="target" codingSchemeDesignator="RECIST-AMS" codingSchemeVersion=""/>
         <AllowedTerm codeValue="S73" codeMeaning="new lesion" codingSchemeDesignator="RECIST-AMS" codingSchemeVersion=""/>
         <AllowedTerm codeValue="S74" codeMeaning="resolved lesion" codingSchemeDesignator="RECIST-AMS" codingSchemeVersion=""/>
      </Component>
   </Template>
</TemplateContainer>